id	name
HGNC:10001	RGS5
HGNC:10004	RGS9
HGNC:10006	RHAG
HGNC:10012	RHO
HGNC:10013	GRK1
HGNC:10023	RIT1
HGNC:10024	RLBP1
HGNC:10031	RMRP
HGNC:10050	RNASEL
HGNC:10057	RNF13
HGNC:10069	RNF6
HGNC:1012	OPN1SW
HGNC:1014	BCR
HGNC:1020	BCS1L
HGNC:10250	ROBO2
HGNC:10254	ROM1
HGNC:10257	ROR2
HGNC:10260	RORC
HGNC:10263	RP1
HGNC:10274	RP2
HGNC:10288	RP9
HGNC:10294	RPE65
HGNC:10295	RPGR
HGNC:10297	RPIA
HGNC:10298	RPL10
HGNC:103	CNNM2
HGNC:10301	RPL11
HGNC:10306	RPL15
HGNC:10313	RPL21
HGNC:10327	RPL26
HGNC:1033	BDNF
HGNC:10345	RPL35A
HGNC:10360	RPL5
HGNC:1037	CFB
HGNC:10379	MRPL3
HGNC:10383	RPS10
HGNC:10387	RPS14
HGNC:10397	RPS17
HGNC:1040	BFSP1
HGNC:10402	RPS19
HGNC:1041	BFSP2
HGNC:10411	RPS24
HGNC:10414	RPS26
HGNC:10418	RPS28
HGNC:10419	RPS29
HGNC:10432	RPS6KA3
HGNC:1044	BGN
HGNC:10440	RPS7
HGNC:10457	RS1
HGNC:10468	RTN2
HGNC:10471	RUNX1
HGNC:10472	RUNX2
HGNC:10483	RYR1
HGNC:10484	RYR2
HGNC:105	CNNM4
HGNC:10519	SACS
HGNC:1052	BIN1
HGNC:10521	SAG
HGNC:10524	SALL1
HGNC:10526	SALL2
HGNC:10535	SAR1B
HGNC:10536	SARDH
HGNC:10540	SAT1
HGNC:10542	SBF1
HGNC:10545	MSMO1
HGNC:10547	SC5D
HGNC:10548	ATXN1
HGNC:10549	ATXN10
HGNC:10555	ATXN2
HGNC:10560	ATXN7
HGNC:10561	ATXN8OS
HGNC:1057	BLK
HGNC:1058	BLM
HGNC:10582	SCN10A
HGNC:10583	SCN11A
HGNC:10585	SCN1A
HGNC:10586	SCN1B
HGNC:10588	SCN2A
HGNC:10589	SCN2B
HGNC:1059	BLMH
HGNC:10591	SCN4A
HGNC:10592	SCN4B
HGNC:10593	SCN5A
HGNC:10596	SCN8A
HGNC:10597	SCN9A
HGNC:10599	SCNN1A
HGNC:10600	SCNN1B
HGNC:10602	SCNN1G
HGNC:10603	SCO1
HGNC:10604	SCO2
HGNC:10606	SCP2
HGNC:10610	CCL11
HGNC:10618	CCL2
HGNC:1062	BLVRA
HGNC:10627	CCL3
HGNC:10628	CCL3L1
HGNC:10648	AIMP1
HGNC:10660	SDC3
HGNC:10664	CWC27
HGNC:10669	TSHZ1
HGNC:1067	BMP1
HGNC:10671	SDCCAG8
HGNC:10672	CXCL12
HGNC:1068	BMP15
HGNC:10680	SDHA
HGNC:10681	SDHB
HGNC:10682	SDHC
HGNC:10683	SDHD
HGNC:1069	BMP2
HGNC:10701	SEC23A
HGNC:10702	SEC23B
HGNC:10706	SEC24D
HGNC:1071	BMP4
HGNC:10718	SELE
HGNC:10721	SELP
HGNC:10723	SEMA3A
HGNC:10727	SEMA3E
HGNC:10729	SEMA4A
HGNC:1076	BMPR1A
HGNC:10768	SF3B1
HGNC:1077	BMPR1B
HGNC:10771	SF3B4
HGNC:10778	SFRP4
HGNC:1078	BMPR2
HGNC:10798	SFTPA1
HGNC:10799	SFTPA2
HGNC:10801	SFTPB
HGNC:10802	SFTPC
HGNC:10805	SGCA
HGNC:10806	SGCB
HGNC:10807	SGCD
HGNC:10808	SGCE
HGNC:10809	SGCG
HGNC:10817	SGPL1
HGNC:10818	SGSH
HGNC:10820	SH2D1A
HGNC:10825	SH3BP2
HGNC:10848	SHH
HGNC:10856	SI
HGNC:10872	ST3GAL5
HGNC:10879	STIL
HGNC:10882	SIM1
HGNC:10887	SIX1
HGNC:10889	SIX3
HGNC:10891	SIX5
HGNC:10892	SIX6
HGNC:10896	SKI
HGNC:10898	SKIC2
HGNC:1090	DST
HGNC:10906	SLC10A2
HGNC:10907	SLC11A1
HGNC:10908	SLC11A2
HGNC:10909	SLC40A1
HGNC:10910	SLC12A1
HGNC:10912	SLC12A3
HGNC:10914	SLC12A6
HGNC:1092	FOXL2
HGNC:10922	SLC16A1
HGNC:10923	SLC16A2
HGNC:1093	BPGM
HGNC:10933	SLC17A5
HGNC:10936	SLC18A3
HGNC:10938	SLC19A2
HGNC:10939	SLC1A1
HGNC:10940	SLC1A2
HGNC:10941	SLC1A3
HGNC:10942	SLC1A4
HGNC:10947	SLC20A2
HGNC:10955	SLCO2A1
HGNC:10959	SLCO1B1
HGNC:10961	SLCO1B3
HGNC:10964	SLC22A18
HGNC:10968	SLC22A4
HGNC:10969	SLC22A5
HGNC:1097	BRAF
HGNC:10975	SLC24A1
HGNC:10978	SLC24A4
HGNC:10979	SLC25A1
HGNC:10982	SLC25A12
HGNC:10983	SLC25A13
HGNC:10985	SLC25A15
HGNC:10989	SLC25A3
HGNC:10990	SLC25A4
HGNC:10993	SLC26A1
HGNC:10994	SLC26A2
HGNC:10998	SLC27A4
HGNC:1100	BRCA1
HGNC:11005	SLC2A1
HGNC:11006	SLC2A2
HGNC:1101	BRCA2
HGNC:11013	SLC30A2
HGNC:11019	SLC34A1
HGNC:11020	SLC34A2
HGNC:11021	SLC35A1
HGNC:11022	SLC35A2
HGNC:11023	SLC35A3
HGNC:11025	SLC3A1
HGNC:11027	SLC4A1
HGNC:11030	SLC4A4
HGNC:11036	SLC5A1
HGNC:11037	SLC5A2
HGNC:11040	SLC5A5
HGNC:11042	SLC6A1
HGNC:11048	SLC6A2
HGNC:11049	SLC6A3
HGNC:11050	SLC6A4
HGNC:11051	SLC6A5
HGNC:11055	SLC6A8
HGNC:11056	SLC6A9
HGNC:11065	SLC7A7
HGNC:11067	SLC7A9
HGNC:11071	SLC9A1
HGNC:11073	SLC9A3
HGNC:11075	NHERF1
HGNC:11079	SLC9A6
HGNC:11094	SNAI2
HGNC:11098	SMARCA2
HGNC:11100	SMARCA4
HGNC:11102	SMARCAL1
HGNC:11103	SMARCB1
HGNC:11104	SMARCC1
HGNC:11105	SMARCC2
HGNC:11109	SMARCE1
HGNC:11110	ARID1A
HGNC:11111	SMC1A
HGNC:11114	KDM5C
HGNC:11115	KDM5D
HGNC:11117	SMN1
HGNC:11118	SMN2
HGNC:11119	SMO
HGNC:11120	SMPD1
HGNC:11122	SMPX
HGNC:11123	SMS
HGNC:11132	SNAP25
HGNC:11133	SNAP29
HGNC:11138	SNCA
HGNC:11139	SNCAIP
HGNC:11140	SNCB
HGNC:11142	SIK1
HGNC:11153	SNRPB
HGNC:11161	SNRPE
HGNC:11164	SNRPN
HGNC:11167	SNTA1
HGNC:11179	SOD1
HGNC:11180	SOD2
HGNC:11183	SON
HGNC:11185	SORL1
HGNC:11187	SOS1
HGNC:11188	SOS2
HGNC:11190	SOX10
HGNC:11191	SOX11
HGNC:11194	SOX18
HGNC:11195	SOX2
HGNC:11199	SOX3
HGNC:11201	SOX5
HGNC:11204	SOX9
HGNC:11212	SPAG1
HGNC:11219	SPARC
HGNC:1122	BTD
HGNC:11226	SPG11
HGNC:11231	ATL1
HGNC:11233	SPAST
HGNC:11237	SPG7
HGNC:11244	SPINK1
HGNC:11247	SPINT2
HGNC:11257	SPR
HGNC:11270	SPRY2
HGNC:11272	SPTA1
HGNC:11273	SPTAN1
HGNC:11274	SPTB
HGNC:11276	SPTBN2
HGNC:11277	SPTLC1
HGNC:11278	SPTLC2
HGNC:11280	SQSTM1
HGNC:11281	SRA1
HGNC:11283	SRC
HGNC:11285	SRD5A2
HGNC:11303	SRP72
HGNC:11311	SRY
HGNC:11326	SSR4
HGNC:1133	BTK
HGNC:11335	SSX1
HGNC:11336	SSX2
HGNC:11354	STAG1
HGNC:11356	STAG3
HGNC:11359	STAR
HGNC:11362	STAT1
HGNC:11363	STAT2
HGNC:11364	STAT3
HGNC:11365	STAT4
HGNC:11367	STAT5B
HGNC:11386	STIM1
HGNC:11389	STK11
HGNC:11391	AURKC
HGNC:11397	PLK4
HGNC:11408	STK4
HGNC:11411	CDKL5
HGNC:1142	BTNL2
HGNC:11425	STS
HGNC:11427	STUB1
HGNC:11429	STX11
HGNC:11431	STX16
HGNC:11444	STXBP1
HGNC:11445	STXBP2
HGNC:11448	SUCLA2
HGNC:11449	SUCLG1
HGNC:11460	SUOX
HGNC:11474	SURF1
HGNC:11480	SVIL
HGNC:1149	BUB1B
HGNC:11494	SYN1
HGNC:11495	SYN2
HGNC:11497	SYNGAP1
HGNC:11503	SYNJ1
HGNC:11506	SYP
HGNC:11509	SYT1
HGNC:11510	SYT2
HGNC:11515	TBXT
HGNC:1152	BVES
HGNC:11521	TAC3
HGNC:11528	TACR3
HGNC:11529	EPCAM
HGNC:11530	TACSTD2
HGNC:11535	TAF1
HGNC:11536	TAF2
HGNC:11538	TAF4B
HGNC:11540	TAF6
HGNC:11547	TAF15
HGNC:11551	BRF1
HGNC:11556	TAL1
HGNC:11557	TAL2
HGNC:11559	TALDO1
HGNC:11566	TAPBP
HGNC:11571	TARDBP
HGNC:11573	TAT
HGNC:11577	TAFAZZIN
HGNC:11581	TBCD
HGNC:11582	TBCE
HGNC:11584	TBK1
HGNC:11588	TBP
HGNC:11592	TBX1
HGNC:11594	TBX15
HGNC:11595	TBX18
HGNC:11596	TBX19
HGNC:11598	TBX20
HGNC:11599	TBX21
HGNC:1160	TWNK
HGNC:11600	TBX22
HGNC:11602	TBX3
HGNC:11603	TBX4
HGNC:11604	TBX5
HGNC:11605	TBX6
HGNC:11608	TBXA2R
HGNC:11609	TBXAS1
HGNC:1161	CEP55
HGNC:11610	TCAP
HGNC:11621	HNF1A
HGNC:11623	TCF12
HGNC:11630	HNF1B
HGNC:11633	TCF3
HGNC:11634	TCF4
HGNC:11641	TCF7L2
HGNC:11642	ZEB1
HGNC:11647	TCIRG1
HGNC:11653	TCN2
HGNC:11654	TCOF1
HGNC:11708	TDO2
HGNC:1171	ELP4
HGNC:11714	TEAD1
HGNC:11720	TECTA
HGNC:11724	TEK
HGNC:11727	TERC
HGNC:11730	TERT
HGNC:11733	TEX11
HGNC:11740	TF
HGNC:11741	TFAM
HGNC:11742	TFAP2A
HGNC:11743	TFAP2B
HGNC:11752	TFE3
HGNC:11758	TFG
HGNC:11762	TFR2
HGNC:11763	TFRC
HGNC:11764	TG
HGNC:11766	TGFB1
HGNC:11768	TGFB2
HGNC:11769	TGFB3
HGNC:11771	TGFBI
HGNC:11772	TGFBR1
HGNC:11773	TGFBR2
HGNC:11776	TGIF1
HGNC:11777	TGM1
HGNC:11779	TGM3
HGNC:11781	TGM5
HGNC:11782	TH
HGNC:11784	THBD
HGNC:11786	THBS2
HGNC:11791	TCHH
HGNC:11795	THPO
HGNC:11796	THRA
HGNC:11799	THRB
HGNC:118	ACO2
HGNC:11802	TIA1
HGNC:11811	KLF11
HGNC:11812	TRIM24
HGNC:11817	TIMM8A
HGNC:11822	TIMP3
HGNC:11824	TINF2
HGNC:11825	NKX2-1
HGNC:11828	TJP2
HGNC:11831	TK2
HGNC:11834	TKT
HGNC:11843	TLL1
HGNC:11847	TLR1
HGNC:11848	TLR2
HGNC:11849	TLR3
HGNC:11850	TLR4
HGNC:11851	TLR5
HGNC:11854	TSPAN7
HGNC:11875	TMPO
HGNC:11892	TNF
HGNC:11896	TNFAIP3
HGNC:119	ACOX1
HGNC:1190	NPAP1
HGNC:11905	TNFRSF10B
HGNC:11908	TNFRSF11A
HGNC:11909	TNFRSF11B
HGNC:11916	TNFRSF1A
HGNC:11918	TNFRSF4
HGNC:11919	CD40
HGNC:11920	FAS
HGNC:11922	CD27
HGNC:11926	TNFSF11
HGNC:11934	TNFSF4
HGNC:11935	CD40LG
HGNC:11936	FASLG
HGNC:11937	CD70
HGNC:11943	TNNC1
HGNC:11946	TNNI2
HGNC:11947	TNNI3
HGNC:11948	TNNT1
HGNC:11949	TNNT2
HGNC:11950	TNNT3
HGNC:11957	MED12
HGNC:11960	GIGYF2
HGNC:11976	TNXB
HGNC:11990	TOP2B
HGNC:11998	TP53
HGNC:120	ACOX2
HGNC:12009	TPI1
HGNC:12010	TPM1
HGNC:12011	TPM2
HGNC:12012	TPM3
HGNC:12013	TPM4
HGNC:12014	TPMT
HGNC:12015	TPO
HGNC:12029	TRAC
HGNC:12033	TRAF3
HGNC:12261	TRDN
HGNC:12266	TREH
HGNC:12269	TREX1
HGNC:1228	SERPING1
HGNC:12298	TRH
HGNC:123	ACP2
HGNC:12303	TRIO
HGNC:12305	TRIP11
HGNC:12309	ZNHIT3
HGNC:12310	TRIP4
HGNC:1232	EGLN1
HGNC:12335	TRPC3
HGNC:12338	TRPC6
HGNC:12340	TRPS1
HGNC:12362	TSC1
HGNC:12363	TSC2
HGNC:12367	TSFM
HGNC:12370	CEP41
HGNC:12371	RSPH1
HGNC:12372	TSHB
HGNC:12373	TSHR
HGNC:12382	TSPYL1
HGNC:12399	MYOT
HGNC:124	ACP5
HGNC:12403	TTN
HGNC:12404	TTPA
HGNC:12405	TTR
HGNC:12406	TUB
HGNC:12407	TUBA4A
HGNC:1241	C1QA
HGNC:12410	TUBA8
HGNC:12412	TUBB2A
HGNC:12417	TUBG1
HGNC:1242	C1QB
HGNC:12420	TUFM
HGNC:12423	TULP1
HGNC:12428	TWIST1
HGNC:12440	TYK2
HGNC:12442	TYR
HGNC:12449	TYROBP
HGNC:1245	C1QC
HGNC:12450	TYRP1
HGNC:1246	C1R
HGNC:12463	UBB
HGNC:12469	UBA1
HGNC:1247	C1S
HGNC:12472	UBE2A
HGNC:1248	C2
HGNC:12496	UBE3A
HGNC:12502	SUMO1
HGNC:12509	UBQLN2
HGNC:12513	UCHL1
HGNC:12517	UCP1
HGNC:12519	UCP3
HGNC:12530	UGT1A1
HGNC:12559	UMOD
HGNC:12563	UMPS
HGNC:12565	UNC119
HGNC:12572	UNG
HGNC:12582	UQCRB
HGNC:12586	UQCRC2
HGNC:12591	UROD
HGNC:12592	UROS
HGNC:12593	USF1
HGNC:12597	USH1C
HGNC:1260	CFAP410
HGNC:12601	USH2A
HGNC:12605	CLRN1
HGNC:12630	USP7
HGNC:12631	USP8
HGNC:12632	USP9X
HGNC:12633	USP9Y
HGNC:12637	KDM6A
HGNC:12642	VAMP1
HGNC:12649	VAPB
HGNC:12660	VAX1
HGNC:12665	VCL
HGNC:12666	VCP
HGNC:12668	VCY
HGNC:12679	VDR
HGNC:1268	TSPEAR
HGNC:12680	VEGFA
HGNC:12682	VEGFC
HGNC:12687	VHL
HGNC:12692	VIM
HGNC:12698	VLDLR
HGNC:12703	BEST1
HGNC:12712	VPS33B
HGNC:12718	VRK1
HGNC:12723	VSX1
HGNC:12726	VWF
HGNC:12731	WAS
HGNC:12736	WIPF1
HGNC:12744	MLXIPL
HGNC:12762	WFS1
HGNC:12765	FOXN1
HGNC:12766	NSD2
HGNC:12771	CCN6
HGNC:12774	WNT1
HGNC:12775	WNT10B
HGNC:12782	WNT3
HGNC:12783	WNT4
HGNC:12784	WNT5A
HGNC:12786	WNT7A
HGNC:12791	WRN
HGNC:12796	WT1
HGNC:12799	WWOX
HGNC:12801	XBP1
HGNC:12805	XDH
HGNC:12811	XK
HGNC:12814	XPA
HGNC:12816	XPC
HGNC:12823	XPNPEP2
HGNC:12827	XPR1
HGNC:12829	XRCC2
HGNC:12830	XRCC3
HGNC:12831	XRCC4
HGNC:12840	YARS1
HGNC:12843	YME1L1
HGNC:12858	ZAP70
HGNC:12872	ZIC1
HGNC:12873	ZIC2
HGNC:12874	ZIC3
HGNC:12877	ZMPSTE24
HGNC:129	ACTA1
HGNC:12926	ZNF141
HGNC:12930	ZBTB16
HGNC:12933	ZNF148
HGNC:12974	RNF113A
HGNC:130	ACTA2
HGNC:1301	CFAP298
HGNC:13013	KAT6A
HGNC:13030	ZBTB18
HGNC:1304	MRAP
HGNC:13128	ZNF711
HGNC:13156	ZNF81
HGNC:13164	CNBP
HGNC:13176	IKZF1
HGNC:1318	C3
HGNC:13187	ZP1
HGNC:132	ACTB
HGNC:13201	ADAMTS10
HGNC:13203	AICDA
HGNC:1321	TIMMDC1
HGNC:13210	ARL6
HGNC:13211	ATP2C1
HGNC:13221	BCL11A
HGNC:13222	BCL11B
HGNC:1323	C4A
HGNC:1324	C4B
HGNC:13243	LMBR1
HGNC:13254	FTSJ1
HGNC:13273	DUOX2
HGNC:13281	ESPN
HGNC:1330	MYOZ2
HGNC:1331	C5
HGNC:13339	KIF4A
HGNC:13345	LPIN1
HGNC:13356	MCOLN1
HGNC:13387	NEK8
HGNC:1339	C6
HGNC:13394	NPHS2
HGNC:13398	NSDHL
HGNC:13406	PCLO
HGNC:13420	PRUNE1
HGNC:13429	RLIM
HGNC:1343	TRAF3IP2
HGNC:13433	ROBO3
HGNC:13436	RPGRIP1
HGNC:13444	SLC2A10
HGNC:13446	SLC2A9
HGNC:1346	C7
HGNC:13478	UBE3B
HGNC:1348	SAMD9
HGNC:13481	UNC93B1
HGNC:13486	USP27X
HGNC:13487	VPS35
HGNC:1349	SAMD9L
HGNC:13503	ZBTB20
HGNC:13508	BPY2
HGNC:13517	CLIC5
HGNC:1352	C8A
HGNC:1353	C8B
HGNC:13530	RXYLT1
HGNC:13533	ATP8A2
HGNC:13556	IFT122
HGNC:1356	ERLIN2
HGNC:1358	C9
HGNC:13586	FBXO7
HGNC:13601	FBXL4
HGNC:1362	FRRS1L
HGNC:1366	ADAMTS13
HGNC:13666	AAAS
HGNC:13672	KLF13
HGNC:13681	DCHS1
HGNC:1371	CA12
HGNC:13711	POF1B
HGNC:13723	CTCF
HGNC:1373	CA2
HGNC:13733	CDH23
HGNC:13743	ALOXE3
HGNC:1375	CA4
HGNC:1377	CA5A
HGNC:13771	SOST
HGNC:13780	GFM1
HGNC:13797	PRX
HGNC:13806	NEUROG3
HGNC:13815	BCO1
HGNC:13818	SLC12A5
HGNC:1382	CA8
HGNC:13825	ASPSCR1
HGNC:13829	WNT10A
HGNC:13830	CNTNAP2
HGNC:13831	WDR11
HGNC:13841	ADGRG6
HGNC:1385	CABP2
HGNC:1386	CABP4
HGNC:13861	LZTS1
HGNC:13872	RIPOR2
HGNC:13875	FOXP2
HGNC:1388	CACNA1A
HGNC:13886	ABCG5
HGNC:13887	ABCG8
HGNC:1389	CACNA1B
HGNC:13890	ITCH
HGNC:1390	CACNA1C
HGNC:13902	SERPINB7
HGNC:1391	CACNA1D
HGNC:1393	CACNA1F
HGNC:1394	CACNA1G
HGNC:1395	CACNA1H
HGNC:1397	CACNA1S
HGNC:13993	PRDM8
HGNC:13997	PRDM12
HGNC:14000	PRDM16
HGNC:14004	ANO3
HGNC:1402	CACNB2
HGNC:14024	PRY
HGNC:14025	SLC5A7
HGNC:1404	CACNB4
HGNC:14048	MRPS16
HGNC:1406	CACNG2
HGNC:14064	HDAC6
HGNC:14074	FMN2
HGNC:14082	ANLN
HGNC:14103	ARHGEF10
HGNC:14124	NPRL3
HGNC:14135	PIGQ
HGNC:14153	CCDC78
HGNC:14154	LMF1
HGNC:14198	ELAC2
HGNC:14201	JPH1
HGNC:14202	JPH2
HGNC:14203	JPH3
HGNC:1421	SLC25A20
HGNC:14211	BLNK
HGNC:14234	NSD1
HGNC:1424	CAD
HGNC:14244	RAB18
HGNC:14253	CERS1
HGNC:14255	BRPF1
HGNC:14258	CD2AP
HGNC:14262	AUTS2
HGNC:14263	RAB23
HGNC:14270	PCDH19
HGNC:14282	IRF2BPL
HGNC:14287	NLGN4X
HGNC:14289	NLGN3
HGNC:14291	NLGN1
HGNC:14294	SHANK3
HGNC:14295	SHANK2
HGNC:143	ACTC1
HGNC:14304	UNC45B
HGNC:14312	CRIPT
HGNC:14335	PLEKHA1
HGNC:14341	EDARADD
HGNC:14344	C1QTNF5
HGNC:14348	HTRA2
HGNC:14357	MMP21
HGNC:14361	IRX5
HGNC:14372	SCYL1
HGNC:14373	GLMN
HGNC:14374	NLRP1
HGNC:14376	ACP4
HGNC:14377	NHP2
HGNC:14378	NOP10
HGNC:14388	GP6
HGNC:144	ACTG1
HGNC:1440	CALCR
HGNC:14409	SLC25A19
HGNC:14412	AGXT2
HGNC:14415	ELOVL4
HGNC:1442	CALM1
HGNC:14432	TMEM237
HGNC:1445	CALM2
HGNC:14450	LPIN2
HGNC:14468	SLC26A8
HGNC:14508	MRPS22
HGNC:14537	NPC2
HGNC:14539	RNF213
HGNC:14540	WNK1
HGNC:14544	WNK4
HGNC:1455	CALR
HGNC:14550	CDHR1
HGNC:14558	CLEC7A
HGNC:14561	ARHGEF9
HGNC:14579	VPS45
HGNC:14581	PINK1
HGNC:14583	VPS11
HGNC:14604	AMN
HGNC:14628	CDCA7
HGNC:14630	CRELD1
HGNC:14631	ADAMTSL2
HGNC:14632	ADAMTSL1
HGNC:14637	ABCA12
HGNC:14673	FYCO1
HGNC:14674	PCDH15
HGNC:14677	DEAF1
HGNC:1476	CAPN1
HGNC:1477	CAPN10
HGNC:1480	CAPN3
HGNC:1482	CAPN5
HGNC:14857	COG5
HGNC:14867	APOL4
HGNC:14872	ASPN
HGNC:14880	GTPBP3
HGNC:14881	ZEB2
HGNC:14888	DNAJB6
HGNC:14889	DNAJB11
HGNC:14897	ITPKC
HGNC:14906	NIN
HGNC:1492	SHPK
HGNC:14921	TAS2R16
HGNC:14938	PIGT
HGNC:1494	ALX1
HGNC:14951	PPP1R15B
HGNC:14963	GPR101
HGNC:14966	PXDN
HGNC:1497	CASK
HGNC:14974	SNX10
HGNC:14977	SNX14
HGNC:14988	POFUT1
HGNC:1500	CASP10
HGNC:1502	CASP14
HGNC:1509	CASP8
HGNC:1512	CASQ1
HGNC:1513	CASQ2
HGNC:1514	CASR
HGNC:1515	CAST
HGNC:1516	CAT
HGNC:1527	CAV1
HGNC:1529	CAV3
HGNC:1530	MICU1
HGNC:1540	SERPINA6
HGNC:1541	CBL
HGNC:15446	PRPF31
HGNC:15454	SHOC2
HGNC:15455	MBTPS2
HGNC:15459	P2RX2
HGNC:1546	SERPINH1
HGNC:15464	SPINK5
HGNC:15465	GPHN
HGNC:15469	DNAJC6
HGNC:15480	DIAPH3
HGNC:15492	ANKH
HGNC:1550	CBS
HGNC:15505	MBOAT7
HGNC:15506	TSEN34
HGNC:15508	PUS1
HGNC:15511	VANGL2
HGNC:15512	VANGL1
HGNC:15516	XYLT1
HGNC:15517	XYLT2
HGNC:1552	CBX2
HGNC:15520	LPAR6
HGNC:15532	JAM3
HGNC:15533	SPRY4
HGNC:15559	CHCHD10
HGNC:15561	IL36RN
HGNC:15573	SETBP1
HGNC:15574	RB1CC1
HGNC:15597	HPS3
HGNC:15598	HAMP
HGNC:15625	NBAS
HGNC:15626	FCGR2C
HGNC:15646	KLHL7
HGNC:15672	ALG9
HGNC:15685	B4GAT1
HGNC:15710	LDB3
HGNC:15714	LRPPRC
HGNC:15718	APCDD1
HGNC:1573	KRIT1
HGNC:15761	OSBPL2
HGNC:15766	ADNP
HGNC:15804	OVOL2
HGNC:15807	ZNF335
HGNC:15808	GZF1
HGNC:1582	CCND1
HGNC:1583	CCND2
HGNC:15832	BSCL2
HGNC:15836	PROKR2
HGNC:15840	KMT2B
HGNC:15844	HPS4
HGNC:15853	ARFGEF2
HGNC:15860	PRPF6
HGNC:15864	RBCK1
HGNC:15865	KIZ
HGNC:15868	ABHD12
HGNC:15888	RTEL1
HGNC:15889	FERMT1
HGNC:15894	PANK2
HGNC:15899	NDUFAF5
HGNC:15901	IFT52
HGNC:15911	NOP56
HGNC:15917	PLCB1
HGNC:15924	SALL4
HGNC:15925	SAMHD1
HGNC:15946	RP1L1
HGNC:15954	TOE1
HGNC:1596	CCNK
HGNC:15964	DAZ2
HGNC:15965	DAZ3
HGNC:15968	GDAP1
HGNC:15971	TSG101
HGNC:15974	TRIM2
HGNC:15977	HES7
HGNC:15979	TP63
HGNC:15984	APTX
HGNC:15993	CHST8
HGNC:15999	SELENON
HGNC:160	ACTL6B
HGNC:16001	SUGCT
HGNC:16002	MPLKIP
HGNC:16035	STRC
HGNC:1606	CCR5
HGNC:16068	PCNT
HGNC:16075	RAB33B
HGNC:16084	LIMS2
HGNC:16088	SFXN4
HGNC:16133	TBC1D20
HGNC:16135	FITM2
HGNC:16171	CHMP4B
HGNC:16175	RSPO4
HGNC:1618	CCT5
HGNC:16187	SLC52A3
HGNC:16192	SLC17A9
HGNC:16205	MGME1
HGNC:16232	COX4I2
HGNC:16243	MYLK2
HGNC:16252	SUN5
HGNC:16255	TGM6
HGNC:16257	TUBB1
HGNC:16262	YAP1
HGNC:16266	SLC19A3
HGNC:16268	PNPLA6
HGNC:16280	TRIM36
HGNC:16287	NFU1
HGNC:16290	TRIM33
HGNC:16297	UPB1
HGNC:163	ACTN1
HGNC:1630	CD151
HGNC:1632	CD164
HGNC:1633	CD19
HGNC:16353	MAGED2
HGNC:16356	USH1G
HGNC:16361	WHRN
HGNC:16369	PARK7
HGNC:16378	OTOA
HGNC:16380	TRIM32
HGNC:16391	CARD9
HGNC:16393	CARD11
HGNC:164	ACTN2
HGNC:16400	NLRP3
HGNC:16404	IL17F
HGNC:16406	EFHC1
HGNC:1641	CD209
HGNC:16412	NLRC4
HGNC:16429	LIAS
HGNC:16438	SLC4A11
HGNC:16446	CARD14
HGNC:16466	SUFU
HGNC:16472	SLC45A2
HGNC:16473	NME8
HGNC:16499	RAB39B
HGNC:16501	PDLIM4
HGNC:16510	FBXO31
HGNC:16512	BSND
HGNC:16513	TMC1
HGNC:16517	TMPRSS6
HGNC:166	ACTN4
HGNC:16627	CHEK2
HGNC:16628	SLC49A4
HGNC:1663	CD36
HGNC:16636	KIF1B
HGNC:16644	IFITM5
HGNC:1665	SCARB2
HGNC:16650	MRPL44
HGNC:16691	TUBGCP4
HGNC:16692	CD320
HGNC:16695	BCAP31
HGNC:16700	ZFPM2
HGNC:16725	DNAAF11
HGNC:1673	CD3D
HGNC:16732	MCEE
HGNC:1674	CD3E
HGNC:1675	CD3G
HGNC:16762	ZNF423
HGNC:1677	CD247
HGNC:1678	CD4
HGNC:16783	CDC73
HGNC:16791	TSEN15
HGNC:16808	UBR1
HGNC:16812	COQ8A
HGNC:16817	ESS2
HGNC:16841	LITAF
HGNC:16873	FIG4
HGNC:16876	ARNT2
HGNC:16877	MFN2
HGNC:16882	HCN4
HGNC:1689	CD59
HGNC:16892	CD96
HGNC:16901	SPEG
HGNC:16902	BCKDK
HGNC:16905	KLHL41
HGNC:16912	EMG1
HGNC:16915	HAX1
HGNC:16918	SYNCRIP
HGNC:16940	DGAT2
HGNC:16947	ERLIN1
HGNC:16950	STAMBP
HGNC:16966	ZMYND11
HGNC:16973	PPP1R17
HGNC:16974	SRCAP
HGNC:1698	CD79A
HGNC:16980	CFHR3
HGNC:1699	CD79B
HGNC:16993	SEC61B
HGNC:16997	MLLT11
HGNC:16999	CLP1
HGNC:17009	TRIOBP
HGNC:1701	CD81
HGNC:17019	PRICKLE1
HGNC:17020	IRAK3
HGNC:17022	HPS5
HGNC:17023	RNF139
HGNC:17024	PHF11
HGNC:17035	EXOSC8
HGNC:17042	PUF60
HGNC:17043	NIPA1
HGNC:17057	CARD8
HGNC:1706	CD8A
HGNC:17063	RAB3GAP1
HGNC:17068	PALLD
HGNC:17073	ARHGAP26
HGNC:17075	TAB2
HGNC:17082	MLC1
HGNC:17084	SYNE2
HGNC:17089	SYNE1
HGNC:17091	NCSTN
HGNC:17095	LARS2
HGNC:17098	DICER1
HGNC:171	ACVR1
HGNC:17104	CDON
HGNC:17109	ADAMTS17
HGNC:17110	ADAMTS18
HGNC:17116	CATSPER1
HGNC:17129	SLC39A4
HGNC:1713	CDAN1
HGNC:17142	OPTN
HGNC:17146	ARL2BP
HGNC:17151	ORC6
HGNC:17158	PLD3
HGNC:17168	RAB3GAP2
HGNC:17175	PLCE1
HGNC:1718	CDC14A
HGNC:17185	ASB10
HGNC:17192	TIRAP
HGNC:17194	NDUFA13
HGNC:17198	CHSY1
HGNC:17208	BICD2
HGNC:17210	DHX37
HGNC:17213	COLEC11
HGNC:17228	RAD54B
HGNC:17233	ELMO2
HGNC:17245	CPA6
HGNC:17264	POLR1A
HGNC:17272	CENPJ
HGNC:17282	RIMS1
HGNC:17284	POT1
HGNC:17288	APOA5
HGNC:17296	RRM2B
HGNC:17318	RXFP2
HGNC:17321	SP7
HGNC:17327	WAC
HGNC:17328	DTNBP1
HGNC:17340	PRPF8
HGNC:17341	TRNT1
HGNC:17342	BRWD3
HGNC:17348	PRPF3
HGNC:17349	PRPF4
HGNC:17358	TPK1
HGNC:1736	CDC42
HGNC:17366	AASS
HGNC:17367	IFT57
HGNC:17382	SRGAP1
HGNC:1739	CDC45
HGNC:17397	BANF1
HGNC:174	ACVR2B
HGNC:17412	CLCF1
HGNC:17416	ADGRV1
HGNC:1742	LRBA
HGNC:1744	CDC6
HGNC:1748	CDH1
HGNC:17493	GMNN
HGNC:17494	GJC2
HGNC:175	ACVRL1
HGNC:17513	HOMER2
HGNC:1754	CDH15
HGNC:17582	KAT6B
HGNC:1759	CDH2
HGNC:17616	IL17RD
HGNC:17619	NDE1
HGNC:1762	CDH3
HGNC:17642	DCLRE1C
HGNC:17646	NGLY1
HGNC:17652	PORCN
HGNC:17655	GREM2
HGNC:17697	SARS2
HGNC:177	ACY1
HGNC:1773	CDK4
HGNC:1774	CDK5
HGNC:17748	DACT1
HGNC:17755	TNFRSF13C
HGNC:17759	PDSS1
HGNC:17761	TREM2
HGNC:17768	TDP2
HGNC:1777	CDK6
HGNC:17772	TXN2
HGNC:17797	MAP3K20
HGNC:17800	FARSB
HGNC:17820	NT5C3A
HGNC:1785	CDKN1B
HGNC:1786	CDKN1C
HGNC:17861	TRAF3IP1
HGNC:17866	HAVCR1
HGNC:17869	AFF4
HGNC:1787	CDKN2A
HGNC:17870	INVS
HGNC:17877	NMNAT1
HGNC:17893	PGAP2
HGNC:17928	PSMC3IP
HGNC:17935	CD207
HGNC:17944	EXOSC3
HGNC:17964	RDH11
HGNC:17966	CEP83
HGNC:17967	IRAK4
HGNC:17975	REEP2
HGNC:17978	B3GALT6
HGNC:17985	ROBO4
HGNC:17989	SLC22A12
HGNC:17993	TRPM4
HGNC:17994	TRPM7
HGNC:17995	TRPM6
HGNC:17996	NAGS
HGNC:17997	FKRP
HGNC:1802	CDSN
HGNC:18021	TMC6
HGNC:18025	COA6
HGNC:18037	ARID2
HGNC:18040	ARID1B
HGNC:18053	PKD1L1
HGNC:18060	ARX
HGNC:18062	GPT2
HGNC:18083	TRPV4
HGNC:18084	TRPV3
HGNC:18085	TMEM199
HGNC:1809	CDY1
HGNC:1810	CDY2A
HGNC:18111	CCDC50
HGNC:18119	AFG2A
HGNC:18121	MFRP
HGNC:18122	SOX17
HGNC:18124	P2RY12
HGNC:18127	TUBGCP6
HGNC:18129	GHRL
HGNC:18130	SYCP3
HGNC:18141	DCDC2
HGNC:18143	DAAM2
HGNC:18145	PHF6
HGNC:18150	MYO18B
HGNC:18153	TNFRSF13B
HGNC:18169	FKBP10
HGNC:18171	CD244
HGNC:18179	VPS33A
HGNC:18183	GIPC3
HGNC:18187	SIAE
HGNC:18194	ZNF365
HGNC:18233	BANK1
HGNC:18234	MOCOS
HGNC:18243	RCBTB1
HGNC:18248	ELP2
HGNC:18249	KCTD1
HGNC:18276	SEC61A1
HGNC:18286	RAX2
HGNC:18292	CFC1
HGNC:18294	ALG1
HGNC:18305	ATP6AP2
HGNC:18308	TMLHE
HGNC:18318	ASXL1
HGNC:18324	HSD3B7
HGNC:1833	CEBPA
HGNC:18337	PADI3
HGNC:18340	WDR19
HGNC:18348	TICAM1
HGNC:18358	IL17RC
HGNC:1836	CEBPE
HGNC:18362	IMPG2
HGNC:18365	IFNL3
HGNC:18368	PADI4
HGNC:18374	HPSE2
HGNC:1838	CECR
HGNC:1839	ADA2
HGNC:18391	SCGB3A2
HGNC:18398	SMARCAD1
HGNC:18420	SETD2
HGNC:18423	DEPDC5
HGNC:18451	MCFD2
HGNC:18453	NAXE
HGNC:18455	PROK2
HGNC:18466	RNASEH1
HGNC:18475	ZDHHC9
HGNC:1848	CEL
HGNC:18481	ATP6V0A2
HGNC:18483	LIPH
HGNC:18501	RPS4Y2
HGNC:18505	RNF43
HGNC:18514	SPART
HGNC:18518	RNASEH2A
HGNC:18539	STX1B
HGNC:18540	CPT1C
HGNC:18550	IER3IP1
HGNC:1856	CENPE
HGNC:18568	HSFY1
HGNC:1857	CENPF
HGNC:18571	XKRY
HGNC:18576	CCNO
HGNC:18591	NEK9
HGNC:186	ADA
HGNC:18601	RTN4R
HGNC:18603	COL25A1
HGNC:18618	LRRK2
HGNC:18620	COG4
HGNC:18621	COG6
HGNC:18622	COG7
HGNC:18623	COG8
HGNC:18625	FKBP14
HGNC:18626	IFT27
HGNC:18640	LDLRAP1
HGNC:18647	RTN4IP1
HGNC:18654	RTTN
HGNC:18658	NUP205
HGNC:18662	RAX
HGNC:18667	PMPCA
HGNC:18672	CDK5RAP2
HGNC:18674	DDX41
HGNC:18683	EIF4A3
HGNC:18688	CRB2
HGNC:1869	CETP
HGNC:18704	NAA10
HGNC:18708	GRIP1
HGNC:18712	LGI4
HGNC:18713	GLCCI1
HGNC:18744	DNAI2
HGNC:18746	SLURP1
HGNC:1875	CFL2
HGNC:18750	RIN2
HGNC:18758	BBS7
HGNC:18762	SLC36A2
HGNC:18782	CCDC6
HGNC:18791	ZFP57
HGNC:188	ADAM10
HGNC:18801	POGZ
HGNC:18802	ATPAF2
HGNC:18806	CAMTA1
HGNC:18810	CATSPER2
HGNC:18817	HPS6
HGNC:18821	LIPI
HGNC:18828	NDUFAF1
HGNC:18829	KLHL10
HGNC:18831	CTHRC1
HGNC:1884	CFTR
HGNC:18858	PIGM
HGNC:18865	KCNT1
HGNC:18871	MMAA
HGNC:18873	IFIH1
HGNC:18884	TDP1
HGNC:18957	MAGI2
HGNC:18969	IL31RA
HGNC:18971	AP1S3
HGNC:18985	DCXR
HGNC:18986	GBA2
HGNC:19	AANAT
HGNC:19012	CORIN
HGNC:19016	TRIM44
HGNC:19027	LRRC8A
HGNC:19041	COQ8B
HGNC:19042	MASTL
HGNC:19048	ASPM
HGNC:19073	THOC2
HGNC:19077	NCR3
HGNC:1908	VPS13A
HGNC:19082	NALCN
HGNC:19087	EBF3
HGNC:19100	IL23R
HGNC:19102	RIGI
HGNC:19104	NPHP4
HGNC:1912	CHAT
HGNC:19125	FGD4
HGNC:19129	PSAT1
HGNC:19139	POMGNT1
HGNC:19141	TTBK2
HGNC:1915	CHD1
HGNC:19165	TBC1D4
HGNC:1917	CHD2
HGNC:19181	KIF14
HGNC:19185	FRAS1
HGNC:19189	DOCK6
HGNC:1919	CHD4
HGNC:19190	DOCK7
HGNC:19191	DOCK8
HGNC:19194	HMCN1
HGNC:19218	PLCZ1
HGNC:19237	NANS
HGNC:19261	MTO1
HGNC:19263	LMAN2L
HGNC:19286	SCYL2
HGNC:19309	KANK1
HGNC:19316	P3H1
HGNC:19317	P3H2
HGNC:1932	CHI3L1
HGNC:19321	NKX6-2
HGNC:19331	MMAB
HGNC:19344	DENND5A
HGNC:19349	KIF21A
HGNC:19351	BICC1
HGNC:19353	SIN3A
HGNC:19358	ALG12
HGNC:1936	CHIT1
HGNC:19368	HYDIN
HGNC:1938	CHKB
HGNC:19380	RNU12
HGNC:1940	CHM
HGNC:19412	ZMYND10
HGNC:19414	DPY19L2
HGNC:1943	CHN1
HGNC:19439	KCNK18
HGNC:19440	SBDS
HGNC:195	ADAM17
HGNC:1952	CHRM3
HGNC:1955	CHRNA1
HGNC:1956	CHRNA2
HGNC:1958	CHRNA4
HGNC:1960	CHRNA7
HGNC:1961	CHRNB1
HGNC:1962	CHRNB2
HGNC:1965	CHRND
HGNC:1966	CHRNE
HGNC:19661	TNNI3K
HGNC:1967	CHRNG
HGNC:1968	LYST
HGNC:19687	EIF2AK4
HGNC:19688	NECTIN4
HGNC:19689	RD3
HGNC:19691	MECR
HGNC:19693	COQ4
HGNC:19698	KCNV2
HGNC:19706	ADAMTSL4
HGNC:1971	CHST3
HGNC:19714	DDHD1
HGNC:19721	CANT1
HGNC:1974	CHUK
HGNC:19743	POMT2
HGNC:19747	EVC2
HGNC:1975	VSX2
HGNC:19750	TTC7A
HGNC:1980	CILP
HGNC:1983	UTP4
HGNC:1984	CISH
HGNC:1985	CIT
HGNC:19857	ISCA2
HGNC:19869	SCARF2
HGNC:1987	CITED2
HGNC:19877	GALNT12
HGNC:19899	ZFAT
HGNC:19954	SLC25A22
HGNC:19957	TECPR2
HGNC:19960	KIAA0586
HGNC:19963	TTLL5
HGNC:19967	CCDC88C
HGNC:19977	RDH12
HGNC:19986	CYCS
HGNC:20	AARS1
HGNC:20001	PCSK9
HGNC:20041	ZNF408
HGNC:20087	TTC8
HGNC:20093	ADSS1
HGNC:20105	FLVCR2
HGNC:20134	GLRX5
HGNC:20145	GPR143
HGNC:20151	SLC17A8
HGNC:20153	CHD8
HGNC:20188	DNAAF2
HGNC:2019	CLCN1
HGNC:20193	HFM1
HGNC:20194	POLR1C
HGNC:20197	SLC35C1
HGNC:2020	CLCN2
HGNC:20202	CACNA2D4
HGNC:20207	B3GLCT
HGNC:2022	CLCN4
HGNC:2023	CLCN5
HGNC:20233	COQ6
HGNC:20249	SPRED1
HGNC:2025	CLCN7
HGNC:2026	CLCNKA
HGNC:2027	CLCNKB
HGNC:20278	NUBPL
HGNC:20297	SLITRK1
HGNC:20303	SLC30A8
HGNC:20305	SLC34A3
HGNC:20311	CHAMP1
HGNC:20318	SMOC1
HGNC:2032	CLDN1
HGNC:20323	SMOC2
HGNC:20324	TGDS
HGNC:2033	CLDN10
HGNC:20330	POMP
HGNC:20340	PRICKLE2
HGNC:20342	ZDHHC15
HGNC:20347	VIPAS39
HGNC:2035	CLDN14
HGNC:2037	CLDN16
HGNC:20371	NDUFA11
HGNC:20372	NDUFB11
HGNC:20373	SPG21
HGNC:20376	SUMF1
HGNC:20389	RETN
HGNC:2040	CLDN19
HGNC:20406	KRT6C
HGNC:20407	CALR3
HGNC:20422	POLR1D
HGNC:20423	SPATA7
HGNC:20439	UPF3B
HGNC:20444	MBD5
HGNC:20449	PADI6
HGNC:20456	TRAF7
HGNC:20473	BRIP1
HGNC:20474	TMC8
HGNC:20492	COA8
HGNC:20499	L2HGDH
HGNC:20502	SLC39A5
HGNC:20509	ZC3H14
HGNC:20577	CYP26C1
HGNC:20580	CYP2R1
HGNC:20581	CYP26B1
HGNC:20582	CYP2U1
HGNC:20603	DHDDS
HGNC:20626	CHD7
HGNC:2063	CLIC2
HGNC:20653	SLC9A9
HGNC:20661	SLC25A26
HGNC:20665	SCN3B
HGNC:20670	TWIST2
HGNC:20672	PHF8
HGNC:20692	TPH2
HGNC:20716	KLC2
HGNC:2073	TPP1
HGNC:20731	GNB4
HGNC:2074	CLN3
HGNC:20748	FANCL
HGNC:2076	CLN5
HGNC:20761	ZFYVE26
HGNC:20766	TUBA1A
HGNC:2077	CLN6
HGNC:20772	TUBB3
HGNC:20773	TUBB8
HGNC:20774	TUBB4A
HGNC:20778	TUBB
HGNC:20788	RHBDF2
HGNC:2079	CLN8
HGNC:20800	SLC35D1
HGNC:2084	CLPP
HGNC:20856	THAP1
HGNC:20858	SLC39A14
HGNC:20859	SLC39A13
HGNC:20862	SLC39A8
HGNC:20889	LRIG2
HGNC:20893	BCOR
HGNC:20914	BLOC1S3
HGNC:20967	NACC1
HGNC:20997	ZMYND15
HGNC:21014	ANTXR1
HGNC:21022	AARS2
HGNC:21024	CUL7
HGNC:21033	HACE1
HGNC:21034	NDUFAF4
HGNC:21042	NUS1
HGNC:21043	PITPNM3
HGNC:21050	CDKAL1
HGNC:21054	RSPH3
HGNC:21056	ERMARD
HGNC:21057	RSPH9
HGNC:21061	SERAC1
HGNC:21062	FARS2
HGNC:21071	IYD
HGNC:21082	SEC63
HGNC:21086	MIB1
HGNC:21143	ZBTB24
HGNC:21144	DSE
HGNC:21150	RNF125
HGNC:21157	GTF2H5
HGNC:21158	RNF135
HGNC:21176	RMND1
HGNC:21181	SUMO4
HGNC:21191	DAOA
HGNC:21197	FA2H
HGNC:21219	CILK1
HGNC:21237	UQCC2
HGNC:21244	LEMD2
HGNC:21246	PNPLA1
HGNC:21253	LHFPL5
HGNC:21285	ADCY10
HGNC:21304	ADPRS
HGNC:21307	DSG4
HGNC:21308	ELOVL5
HGNC:21316	ANKRD11
HGNC:21317	DYM
HGNC:2135	SBF2
HGNC:21350	PDHX
HGNC:21365	LYRM4
HGNC:21390	RIPPLY2
HGNC:21396	ABHD5
HGNC:21406	RARS2
HGNC:21424	IFT74
HGNC:21474	INPP5E
HGNC:21478	RFX6
HGNC:2148	CNGA1
HGNC:21484	MCM9
HGNC:21493	DNAAF4
HGNC:21497	ACAD9
HGNC:21498	ATG16L1
HGNC:2150	CNGA3
HGNC:21504	PRY2
HGNC:2151	CNGB1
HGNC:21528	DIABLO
HGNC:2153	CNGB3
HGNC:21555	EYS
HGNC:21558	RSPH4A
HGNC:21575	AHI1
HGNC:21576	NHLRC1
HGNC:21580	KIAA0319
HGNC:216	ADAM9
HGNC:21606	MPC1
HGNC:21637	SATB2
HGNC:21641	TSPAN12
HGNC:21642	VARS2
HGNC:21645	CHCHD2
HGNC:21652	OSTM1
HGNC:21653	TOPORS
HGNC:21679	RSPO1
HGNC:21686	RNASET2
HGNC:21694	POU6F2
HGNC:21698	RNF216
HGNC:21699	CERKL
HGNC:21701	BRAT1
HGNC:21708	CCM2
HGNC:2171	CNTN1
HGNC:2172	CNTN2
HGNC:21732	ANTXR2
HGNC:21734	LHX4
HGNC:218	ADAMTS2
HGNC:2180	COCH
HGNC:2183	VPS13B
HGNC:2185	COL10A1
HGNC:2186	COL11A1
HGNC:21862	DYNC2I1
HGNC:21863	RBM28
HGNC:21869	AGK
HGNC:2187	COL11A2
HGNC:2188	COL12A1
HGNC:2190	COL13A1
HGNC:2194	COL17A1
HGNC:2195	COL18A1
HGNC:21957	KCTD7
HGNC:2197	COL1A1
HGNC:2198	COL1A2
HGNC:2200	COL2A1
HGNC:2201	COL3A1
HGNC:2202	COL4A1
HGNC:2203	COL4A2
HGNC:2204	COL4A3
HGNC:2205	CERT1
HGNC:2206	COL4A4
HGNC:2207	COL4A5
HGNC:2208	COL4A6
HGNC:22082	VMA21
HGNC:2209	COL5A1
HGNC:2210	COL5A2
HGNC:2211	COL6A1
HGNC:2212	COL6A2
HGNC:2213	COL6A3
HGNC:2214	COL7A1
HGNC:22140	FAM20C
HGNC:2216	COL8A2
HGNC:2217	COL9A1
HGNC:2218	COL9A2
HGNC:2219	COL9A3
HGNC:22197	AP5Z1
HGNC:2220	COLEC10
HGNC:2226	COLQ
HGNC:2227	COMP
HGNC:2228	COMT
HGNC:2230	COPA
HGNC:2235	KLF6
HGNC:2244	COQ7
HGNC:22448	NOBOX
HGNC:225	ADAR
HGNC:2252	CORO1A
HGNC:2260	COX10
HGNC:2263	COX15
HGNC:2277	COX6A1
HGNC:22788	FEZF1
HGNC:2280	COX6B1
HGNC:2291	COX7B
HGNC:22923	GMPPA
HGNC:22932	GMPPB
HGNC:22938	NLRP12
HGNC:22947	NLRP7
HGNC:2295	CP
HGNC:22954	POGLUT1
HGNC:22962	MED13L
HGNC:22965	PEX26
HGNC:22986	COL27A1
HGNC:23	ABAT
HGNC:23015	FAM20A
HGNC:23026	GNPTG
HGNC:23038	LMBRD1
HGNC:23041	PDSS2
HGNC:23044	NANOS1
HGNC:23056	ALG3
HGNC:23063	NUDT15
HGNC:23068	TRAPPC2
HGNC:23088	SLC10A7
HGNC:23089	SLC13A5
HGNC:2309	CPLX1
HGNC:23094	SLC16A12
HGNC:23096	SLC29A3
HGNC:23109	FAT4
HGNC:2312	CPN1
HGNC:23141	TRMT5
HGNC:23143	SYT14
HGNC:23147	UNC13D
HGNC:23151	FERMT3
HGNC:23157	ALG6
HGNC:23159	ALG2
HGNC:23161	ALG8
HGNC:23162	ALG10
HGNC:23166	PNPT1
HGNC:23168	FANCM
HGNC:23198	CYP4V2
HGNC:232	ADCY1
HGNC:23204	KIRREL3
HGNC:2321	CPOX
HGNC:23212	MYH14
HGNC:23213	PIGW
HGNC:23215	PIGO
HGNC:23216	ZNF469
HGNC:23228	CPAMD8
HGNC:2323	CPS1
HGNC:23230	UBA5
HGNC:23246	MYPN
HGNC:23247	DNAL1
HGNC:2328	CPT1A
HGNC:23287	ETHE1
HGNC:2330	CPT2
HGNC:23338	ACBD5
HGNC:2334	CR1
HGNC:2336	CR2
HGNC:23399	FREM1
HGNC:2340	CRADD
HGNC:23405	LRMDA
HGNC:23406	DOLK
HGNC:23419	KIFBP
HGNC:2343	CRB1
HGNC:2345	CREB1
HGNC:23452	LIPN
HGNC:2348	CREBBP
HGNC:23503	SLITRK6
HGNC:23505	BMS1
HGNC:23508	STOX1
HGNC:23537	DHTKD1
HGNC:23564	MIR17HG
HGNC:23573	MORC2
HGNC:23594	VPS13C
HGNC:236	ADCY5
HGNC:23631	NPSR1
HGNC:23639	SKIC3
HGNC:2364	CRLF1
HGNC:23657	GNE
HGNC:23658	DELEC1
HGNC:23663	VKORC1
HGNC:237	ADCY6
HGNC:23719	PGAP3
HGNC:2372	MED23
HGNC:23734	PTF1A
HGNC:2375	MED17
HGNC:23752	CERS3
HGNC:23785	PIKFYVE
HGNC:2379	CRTAP
HGNC:23791	INF2
HGNC:23801	SIPA1L3
HGNC:23805	ASXL2
HGNC:2383	CRX
HGNC:2384	CRY1
HGNC:23845	SLX4
HGNC:2388	CRYAA
HGNC:2389	CRYAB
HGNC:2394	CRYBA1
HGNC:2395	CRYBA2
HGNC:2396	CRYBA4
HGNC:2397	CRYBB1
HGNC:2398	CRYBB2
HGNC:23987	NDUFA12
HGNC:2400	CRYBB3
HGNC:24035	APPL1
HGNC:24036	APC2
HGNC:24039	CLMP
HGNC:24054	KNL1
HGNC:2409	CRYGB
HGNC:2410	CRYGC
HGNC:2411	CRYGD
HGNC:24116	RNASEH2C
HGNC:24123	B9D1
HGNC:24124	ACTL6A
HGNC:24154	BMPER
HGNC:24160	BEAN1
HGNC:2417	CRYGS
HGNC:2418	CRYM
HGNC:24200	FAM111B
HGNC:24212	CISD2
HGNC:24229	CIDEC
HGNC:24245	DRC1
HGNC:24247	GLYCTK
HGNC:24249	YARS2
HGNC:24265	PTRH2
HGNC:24268	ASCC1
HGNC:24270	DPH5
HGNC:243	ADD1
HGNC:24316	TACO1
HGNC:24323	CARTPT
HGNC:2433	CSF1R
HGNC:24338	C1GALT1C1
HGNC:2436	CSF2RB
HGNC:2439	CSF3R
HGNC:24415	BOLA3
HGNC:24431	KRT75
HGNC:24464	CHST14
HGNC:24475	DMGDH
HGNC:24488	POC1A
HGNC:245	ADD3
HGNC:24502	WDR62
HGNC:24519	TCTN3
HGNC:2452	CSNK1D
HGNC:24525	MMACHC
HGNC:24526	ATL3
HGNC:24529	TMEM98
HGNC:24537	CHMP2B
HGNC:24539	NECAP1
HGNC:24564	C2CD3
HGNC:24565	KANSL1
HGNC:2457	CSNK2A1
HGNC:24576	CDT1
HGNC:24579	CIB2
HGNC:24587	HYCC1
HGNC:24592	STEAP3
HGNC:24595	DYNC2LI1
HGNC:24624	SIL1
HGNC:2464	VCAN
HGNC:24650	EHMT1
HGNC:24668	CFHR5
HGNC:24669	FIGLA
HGNC:24671	FLAD1
HGNC:24678	FTO
HGNC:2468	SMC3
HGNC:24682	FLVCR1
HGNC:24717	PTCD3
HGNC:2472	CSRP3
HGNC:24725	FAM111A
HGNC:2475	CST3
HGNC:24783	LRIT3
HGNC:24797	FAM83H
HGNC:2481	CSTA
HGNC:2482	CSTB
HGNC:24858	MFF
HGNC:24861	G6PC3
HGNC:24862	MOGS
HGNC:24866	CEP104
HGNC:24872	GNAS-AS1
HGNC:2488	NKX2-5
HGNC:24891	DCAF8
HGNC:24912	LARP7
HGNC:24928	VPS37A
HGNC:2494	CTBP1
HGNC:24945	GPIHBP1
HGNC:24969	NPRL2
HGNC:2498	CTDP1
HGNC:250	ADH1B
HGNC:25009	UBE2T
HGNC:2501	CTH
HGNC:25018	TMEM216
HGNC:25033	LRTOMT
HGNC:2505	CTLA4
HGNC:25070	ACD
HGNC:25088	SGO1
HGNC:2509	CTNNA1
HGNC:251	ADH1C
HGNC:2511	CTNNA3
HGNC:25118	OTULIN
HGNC:25133	MARS2
HGNC:25135	LRSAM1
HGNC:2514	CTNNB1
HGNC:2515	CTNND1
HGNC:25151	ADAT3
HGNC:25155	HOGA1
HGNC:2518	CTNS
HGNC:25186	TMEM240
HGNC:2519	CTPS1
HGNC:25198	SLC25A46
HGNC:25221	MMADHC
HGNC:25223	COQ2
HGNC:2523	CTRC
HGNC:25230	AHDC1
HGNC:25240	ANO6
HGNC:25244	CCDC39
HGNC:2528	CTSC
HGNC:25280	ODAD4
HGNC:2529	CTSD
HGNC:25302	COQ9
HGNC:2531	CTSF
HGNC:25355	SLC30A10
HGNC:25356	SPRTN
HGNC:25358	RNF170
HGNC:2536	CTSK
HGNC:25360	DDX59
HGNC:25367	CCDC8
HGNC:25382	TMEM126A
HGNC:25396	FREM2
HGNC:25403	SASS6
HGNC:25415	PPM1K
HGNC:25419	ARL13B
HGNC:25439	TANGO2
HGNC:25443	C19orf12
HGNC:25455	TSR2
HGNC:25461	PUS3
HGNC:2548	CUBN
HGNC:25481	TRMU
HGNC:25491	FRMD4A
HGNC:25507	VAC14
HGNC:25519	ANO10
HGNC:25522	WRAP53
HGNC:25523	CCDC88A
HGNC:2553	CUL3
HGNC:25532	MTPAP
HGNC:25535	TMEM38B
HGNC:25538	DARS2
HGNC:2555	CUL4B
HGNC:25557	PRMT7
HGNC:25566	SETD5
HGNC:25567	ATAD3A
HGNC:25568	FANCI
HGNC:25576	NAXD
HGNC:2558	CX3CR1
HGNC:25583	ODAD2
HGNC:25608	VPS53
HGNC:2561	CXCR4
HGNC:25613	CWF19L1
HGNC:25640	UFSP2
HGNC:25660	TTC21B
HGNC:25662	AAGAB
HGNC:2567	OFD1
HGNC:25671	RNASEH2B
HGNC:25676	GORAB
HGNC:2568	MAMLD1
HGNC:25695	CARS2
HGNC:257	ADK
HGNC:2570	CYB5A
HGNC:25705	KCTD17
HGNC:25712	PGAP1
HGNC:25716	COA7
HGNC:25726	LAS1L
HGNC:25737	NHEJ1
HGNC:25740	CEP78
HGNC:25751	TRAPPC11
HGNC:25763	SMG9
HGNC:2577	CYBA
HGNC:25774	TCTN2
HGNC:2578	CYBB
HGNC:25781	ARMC5
HGNC:25784	DCAF17
HGNC:25786	REEP1
HGNC:2579	CYC1
HGNC:25792	USB1
HGNC:25799	GUF1
HGNC:25801	CPLANE1
HGNC:25808	FAM161A
HGNC:25812	SRD5A3
HGNC:25815	CEP63
HGNC:25839	GRHL3
HGNC:2584	CYLD
HGNC:25843	ZNF750
HGNC:25896	ORAI1
HGNC:25897	MFSD2A
HGNC:2590	CYP11A1
HGNC:25902	POMGNT2
HGNC:2591	CYP11B1
HGNC:2592	CYP11B2
HGNC:25928	WDR73
HGNC:2593	CYP17A1
HGNC:2594	CYP19A1
HGNC:25941	TET2
HGNC:25947	KLHL24
HGNC:25964	RETREG1
HGNC:2597	CYP1B1
HGNC:25985	PIGG
HGNC:25994	NSUN2
HGNC:2600	CYP21A2
HGNC:26006	TTC19
HGNC:26013	DNAAF5
HGNC:26019	BPNT2
HGNC:2602	CYP24A1
HGNC:26022	TRMT10C
HGNC:26031	PIGV
HGNC:26034	SDHAF2
HGNC:26038	TMEM127
HGNC:2605	CYP27A1
HGNC:26050	TMEM70
HGNC:26054	SLC25A38
HGNC:2606	CYP27B1
HGNC:26090	CCDC40
HGNC:2610	CYP2A6
HGNC:26113	TCTN1
HGNC:26114	EDC3
HGNC:26144	PALB2
HGNC:26147	AGBL5
HGNC:2615	CYP2B6
HGNC:26158	ELMOD3
HGNC:26162	PYROXD1
HGNC:26169	CTC1
HGNC:26182	COLGALT1
HGNC:26190	MTMR14
HGNC:26193	CSPP1
HGNC:26200	STN1
HGNC:2621	CYP2C19
HGNC:26219	FUZ
HGNC:26222	FAR1
HGNC:2623	CYP2C9
HGNC:26230	TM4SF20
HGNC:2625	CYP2D6
HGNC:26257	PDZD7
HGNC:26262	TTI2
HGNC:26267	POMK
HGNC:26270	PIEZO2
HGNC:26274	NARS2
HGNC:26291	BBS10
HGNC:26300	ODAPH
HGNC:26348	SEPTIN12
HGNC:26361	HEPACAM
HGNC:2638	CYP3A5
HGNC:26392	PTCHD1
HGNC:26401	MARVELD2
HGNC:26404	NADK2
HGNC:26444	UROC1
HGNC:2649	CYP51A1
HGNC:26498	ZNF513
HGNC:26504	AGBL1
HGNC:26513	NSMCE2
HGNC:2652	CYP7B1
HGNC:26521	LOXHD1
HGNC:26527	HGSNAT
HGNC:26530	CFAP53
HGNC:26551	DZIP1L
HGNC:26558	HYLS1
HGNC:26559	ZFYVE27
HGNC:26560	ODAD1
HGNC:26575	PRIMPOL
HGNC:26576	KY
HGNC:26582	UNC80
HGNC:26594	DOK7
HGNC:26600	WDR81
HGNC:2661	DAB1
HGNC:26624	KDF1
HGNC:26648	BBS12
HGNC:2665	CD55
HGNC:2666	DAG1
HGNC:26661	RNF168
HGNC:26690	CEP120
HGNC:26703	SYNE4
HGNC:2671	DAO
HGNC:26724	ANKS6
HGNC:26742	NAT8L
HGNC:2678	DARS1
HGNC:26784	MTRFR
HGNC:26790	WDR72
HGNC:2682	DAZ1
HGNC:26821	CCDC141
HGNC:26837	AMER1
HGNC:26877	CKAP2L
HGNC:26887	TAPT1
HGNC:2689	DBH
HGNC:26894	TPRN
HGNC:26899	TMTC3
HGNC:26901	OTOGL
HGNC:26922	ERCC6L2
HGNC:26926	JAGN1
HGNC:26927	FOXRED1
HGNC:26929	CDIN1
HGNC:26938	HIKESHI
HGNC:26944	TMEM138
HGNC:26970	COX20
HGNC:2698	DBT
HGNC:26988	METTL23
HGNC:2699	DDX3Y
HGNC:2701	DCC
HGNC:27030	DNAJC21
HGNC:2705	DCN
HGNC:2707	ACE
HGNC:2708	DCR
HGNC:27089	CARMIL2
HGNC:2711	DCTN1
HGNC:2714	DCX
HGNC:2718	DDB2
HGNC:2719	DDC
HGNC:27230	ESCO2
HGNC:27232	CFAP418
HGNC:2726	DDIT3
HGNC:2728	DDOST
HGNC:27288	ACSF3
HGNC:27302	IBA57
HGNC:2731	DDR2
HGNC:27310	FLCN
HGNC:27337	ANO5
HGNC:2736	DDX11
HGNC:27365	TECRL
HGNC:27375	MSRB3
HGNC:27424	RBM20
HGNC:2745	DDX3X
HGNC:27561	TSEN54
HGNC:2770	DES
HGNC:2771	CFD
HGNC:27960	SLC6A19
HGNC:27962	STING1
HGNC:2799	GRHL2
HGNC:28018	NIPAL4
HGNC:28027	WDPCP
HGNC:28033	CCDC174
HGNC:28052	XPNPEP3
HGNC:28072	LYRM7
HGNC:28086	NDUFAF2
HGNC:28093	BBIP1
HGNC:2810	GSDME
HGNC:28163	CCDC28B
HGNC:28178	CCDC115
HGNC:282	ADRA2B
HGNC:28209	CEP19
HGNC:28213	PIGY
HGNC:28216	COX14
HGNC:28249	PHYKPL
HGNC:28261	TBCK
HGNC:28287	ALG14
HGNC:28296	DYNC2I2
HGNC:28303	ODAD3
HGNC:28337	C9orf72
HGNC:28358	D2HGDH
HGNC:28369	THOC6
HGNC:28385	VWA3B
HGNC:28396	TMEM67
HGNC:28403	TRMT10A
HGNC:28422	TSEN2
HGNC:28423	STAC3
HGNC:2843	DGAT1
HGNC:28434	CCNQ
HGNC:2844	DGCR
HGNC:2845	DGCR2
HGNC:2846	DGCR6
HGNC:2847	DGCR8
HGNC:28472	TMEM43
HGNC:28486	MFSD8
HGNC:28510	GLIS3
HGNC:28514	CEP112
HGNC:2852	DGKE
HGNC:28526	EOGT
HGNC:28557	KLHDC8B
HGNC:28570	DNAAF6
HGNC:2858	DGUOK
HGNC:2859	DHCR24
HGNC:28596	B3GALNT2
HGNC:286	ADRB2
HGNC:2860	DHCR7
HGNC:2861	DHFR
HGNC:28625	NDUFAF6
HGNC:28636	B9D2
HGNC:28648	DIS3L2
HGNC:2865	DHH
HGNC:2867	DHODH
HGNC:28722	COQ5
HGNC:28727	APOO
HGNC:2873	CYB5R3
HGNC:28741	ILDR1
HGNC:2876	DIAPH1
HGNC:28762	AFG2B
HGNC:28769	DRAM2
HGNC:2877	DIAPH2
HGNC:288	ADRB3
HGNC:28844	FBXO38
HGNC:28845	MED25
HGNC:28852	SYCE1
HGNC:28862	NIPBL
HGNC:28867	IGF2BP2
HGNC:2888	DISC1
HGNC:28880	MAGT1
HGNC:28883	PPA2
HGNC:28887	LEMD3
HGNC:2889	DISC2
HGNC:2890	DKC1
HGNC:28900	PNPLA8
HGNC:28908	DNAJC12
HGNC:28909	CCDC22
HGNC:28912	WDR45
HGNC:28927	KRT71
HGNC:28929	KRT74
HGNC:28949	IQCB1
HGNC:2895	EDAR
HGNC:28956	GPD1L
HGNC:28957	EMC1
HGNC:28958	NUP93
HGNC:2896	DLAT
HGNC:2897	DLC1
HGNC:2898	DLD
HGNC:28984	WASHC5
HGNC:28986	ZNF592
HGNC:2899	DLEC1
HGNC:28991	RUBCN
HGNC:28993	PIEZO1
HGNC:29	ABCA1
HGNC:29007	FRMPD4
HGNC:29017	PLEKHM1
HGNC:2902	DLG3
HGNC:29021	CEP290
HGNC:29022	SPECC1L
HGNC:29040	SZT2
HGNC:29043	DSTYK
HGNC:29059	IQSEC2
HGNC:29068	KATNIP
HGNC:29077	IFT140
HGNC:29079	KDM1A
HGNC:29086	CEP135
HGNC:2909	DLL3
HGNC:29090	SMCHD1
HGNC:29092	OBSL1
HGNC:29099	TELO2
HGNC:291	ADSL
HGNC:2910	DLL4
HGNC:29101	ANKLE2
HGNC:29105	PLEKHG5
HGNC:29106	DDHD2
HGNC:29110	KIAA0753
HGNC:29144	EHBP1
HGNC:2916	DLX3
HGNC:29160	FASTKD2
HGNC:29168	RPGRIP1L
HGNC:2917	DLX4
HGNC:29170	FAN1
HGNC:29174	WASHC4
HGNC:2918	DLX5
HGNC:29182	CEP164
HGNC:29186	ANKRD26
HGNC:29203	TBC1D24
HGNC:29205	ERGIC1
HGNC:29215	SHROOM4
HGNC:29216	ARHGAP31
HGNC:29222	ZNF644
HGNC:29242	SH3PXD2B
HGNC:29250	WDR35
HGNC:29253	CC2D2A
HGNC:29256	SOBP
HGNC:29262	IFT80
HGNC:29277	ZNF687
HGNC:2928	DMD
HGNC:29284	DIP2B
HGNC:29298	CEP152
HGNC:29300	KANK2
HGNC:29304	UVSSA
HGNC:29316	ZSWIM6
HGNC:2932	DMP1
HGNC:29326	SLC7A14
HGNC:2933	DMPK
HGNC:29331	EPG5
HGNC:29347	KLHL15
HGNC:29357	ASXL3
HGNC:2938	DMXL2
HGNC:2939	DNA2
HGNC:29401	MYSM1
HGNC:29418	FNIP1
HGNC:29419	EARS2
HGNC:2942	DNAH11
HGNC:29420	RSPRY1
HGNC:29426	CCBE1
HGNC:29427	SH3TC2
HGNC:29433	NEXMIF
HGNC:29450	GLIS2
HGNC:29456	TOR1AIP1
HGNC:29478	ROGDI
HGNC:2950	DNAH5
HGNC:29501	GPSM2
HGNC:29502	PJVK
HGNC:29508	KIDINS220
HGNC:29514	GLDN
HGNC:29515	PLEKHG2
HGNC:29521	C12orf57
HGNC:29529	TBL1XR1
HGNC:29536	MAPKBP1
HGNC:2954	DNAI1
HGNC:2955	DNAL4
HGNC:29557	NEXN
HGNC:2956	DNASE1
HGNC:29561	ARV1
HGNC:29569	LIPT1
HGNC:2959	DNASE1L3
HGNC:29594	UQCRQ
HGNC:29597	IRGM
HGNC:29605	SH2B3
HGNC:2961	DYNC1H1
HGNC:29634	MEGF10
HGNC:29643	MLPH
HGNC:29659	MESP2
HGNC:29666	MTFMT
HGNC:29669	IFT43
HGNC:29670	GNPTAB
HGNC:29673	MFAP5
HGNC:29679	PAM16
HGNC:29683	SLC25A32
HGNC:29685	IARS2
HGNC:2972	DNM1
HGNC:2973	DNM1L
HGNC:2974	DNM2
HGNC:2976	DNMT1
HGNC:2978	DNMT3A
HGNC:2979	DNMT3B
HGNC:29796	LAMTOR2
HGNC:29812	DCPS
HGNC:29843	NSMF
HGNC:29853	HECW2
HGNC:2988	DOCK2
HGNC:29882	ISCU
HGNC:29914	NUP107
HGNC:29918	NDUFAF3
HGNC:2993	DONSON
HGNC:29932	COASY
HGNC:29935	SPATA16
HGNC:29937	CCDC65
HGNC:29941	GATAD1
HGNC:29944	TENM3
HGNC:29945	TENM4
HGNC:2995	DPAGT1
HGNC:30000	BBS9
HGNC:30022	PPARGC1B
HGNC:3003	DPH1
HGNC:30032	PACS1
HGNC:30035	PIK3R5
HGNC:3005	DPM1
HGNC:3006	DPM2
HGNC:30064	PBRM1
HGNC:3007	DPM3
HGNC:30074	POLR3A
HGNC:30078	REEP6
HGNC:30089	PWAR1
HGNC:3010	DPP6
HGNC:30100	PSENEN
HGNC:3012	DPYD
HGNC:3013	DPYS
HGNC:30171	HSPB8
HGNC:30172	STRADA
HGNC:3018	SLC26A3
HGNC:30185	CRBN
HGNC:30213	ATP13A2
HGNC:30220	RFT1
HGNC:30224	SLC52A2
HGNC:30225	SLC52A1
HGNC:3023	DRD2
HGNC:30237	CC2D1A
HGNC:3024	DRD3
HGNC:30242	TUSC3
HGNC:3025	DRD4
HGNC:3026	DRD5
HGNC:30260	PNPO
HGNC:30262	PYCR2
HGNC:303	AEBP1
HGNC:30304	RGS9BP
HGNC:3033	ATN1
HGNC:30343	DNAJC13
HGNC:30348	POLR3B
HGNC:3036	DSC2
HGNC:30372	KLHL40
HGNC:30391	IFT172
HGNC:30417	SH2B1
HGNC:3046	PIGP
HGNC:3048	DSG1
HGNC:3049	DSG2
HGNC:30492	DNAAF3
HGNC:30497	KIF7
HGNC:30500	PRRT2
HGNC:3052	DSP
HGNC:30521	SLC46A1
HGNC:30528	DNAJC19
HGNC:30539	DNAAF1
HGNC:3054	DSPP
HGNC:30546	FDX2
HGNC:30551	TXNL4A
HGNC:3057	DTNA
HGNC:30578	EXPH5
HGNC:30587	SNIP1
HGNC:30605	SEPSECS
HGNC:30611	STT3B
HGNC:30650	STRA6
HGNC:30664	CLPB
HGNC:30668	SRPX2
HGNC:30696	WDR36
HGNC:30718	DNAJB13
HGNC:3072	DUSP6
HGNC:30740	TARS2
HGNC:30760	TMEM165
HGNC:30764	TRAIP
HGNC:30765	TNIK
HGNC:30778	GATAD2B
HGNC:30788	TLE6
HGNC:30791	UBIAD1
HGNC:30794	CEP57
HGNC:30800	TMIE
HGNC:30802	PNPLA2
HGNC:30829	TUBB2B
HGNC:30831	TDRD7
HGNC:30832	TRAPPC9
HGNC:30836	POC1B
HGNC:30839	KRT25
HGNC:3084	DVL1
HGNC:30858	EFTUD2
HGNC:30859	SNRNP200
HGNC:3087	DVL3
HGNC:30881	ALG13
HGNC:30883	TMEM126B
HGNC:30892	HUWE1
HGNC:3091	DYRK1A
HGNC:3092	DYRK1B
HGNC:30922	LINS1
HGNC:30927	SLC6A20
HGNC:30935	YY1AP1
HGNC:30939	ZFHX4
HGNC:3097	DYSF
HGNC:30972	SECISBP2
HGNC:3098	TOR1A
HGNC:3133	EBP
HGNC:31371	GPR179
HGNC:31399	SLC6A17
HGNC:3143	EBVS1
HGNC:3146	ECE1
HGNC:3147	ECEL1
HGNC:3148	TYMP
HGNC:315	AFG3L2
HGNC:3151	ECHS1
HGNC:3153	ECM1
HGNC:31555	MIR184
HGNC:3157	EDA
HGNC:31582	MIR204
HGNC:31648	MIR96
HGNC:31670	ENO4
HGNC:31673	GRXCR1
HGNC:3169	S1PR2
HGNC:317	AFP
HGNC:3176	EDN1
HGNC:3178	EDN3
HGNC:3179	EDNRA
HGNC:318	AGA
HGNC:3180	EDNRB
HGNC:3182	PHC1
HGNC:319	ACAN
HGNC:3192	EEF1A2
HGNC:31923	LCA5
HGNC:31928	NBEAL2
HGNC:31948	CEACAM16
HGNC:321	AGL
HGNC:3214	EEF2
HGNC:3218	EFEMP1
HGNC:3219	EFEMP2
HGNC:3226	EFNB1
HGNC:3229	EGF
HGNC:3233	MEGF8
HGNC:3236	EGFR
HGNC:3239	EGR2
HGNC:32434	SLC38A8
HGNC:32456	ALG11
HGNC:3247	EHHADH
HGNC:325	AGPAT2
HGNC:32528	PRCD
HGNC:3255	EIF2AK3
HGNC:32550	ZBTB42
HGNC:3257	EIF2B1
HGNC:3258	EIF2B2
HGNC:3259	EIF2B3
HGNC:3260	EIF2B4
HGNC:3261	EIF2B5
HGNC:3267	EIF2S3
HGNC:32685	ARMS2
HGNC:32689	SLFN14
HGNC:32698	DUOXA2
HGNC:327	AGPS
HGNC:32700	CCDC103
HGNC:3287	EIF4E
HGNC:329	AGRN
HGNC:32925	ATXN8
HGNC:32940	NKX2-6
HGNC:32952	SNORD118
HGNC:3296	EIF4G1
HGNC:33	ABCA3
HGNC:330	AGRP
HGNC:33020	SNORD115-1
HGNC:33067	SNORD116-1
HGNC:3309	ELANE
HGNC:33235	PWRN1
HGNC:3327	ELN
HGNC:333	AGT
HGNC:3330	EML1
HGNC:3331	EMD
HGNC:3334	EMP2
HGNC:3337	ADGRE2
HGNC:3341	EMX2
HGNC:33425	MIAT
HGNC:3344	ENAM
HGNC:3349	ENG
HGNC:3354	ENO3
HGNC:33551	NDUFAF8
HGNC:3356	ENPP1
HGNC:336	AGTR1
HGNC:3363	ENTPD1
HGNC:33699	KHDC3L
HGNC:3373	EP300
HGNC:3374	EPAS1
HGNC:3377	EPB41
HGNC:33778	MYMK
HGNC:3378	EPB41L1
HGNC:3381	EPB42
HGNC:3383	STOM
HGNC:33848	COA5
HGNC:3386	EPHA2
HGNC:33862	GRXCR2
HGNC:33867	SDHAF1
HGNC:3393	EPHB2
HGNC:3395	EPHB4
HGNC:34	ABCA4
HGNC:3401	EPHX1
HGNC:34016	RNU4ATAC
HGNC:3402	EPHX2
HGNC:34033	RNU7-1
HGNC:341	AGXT
HGNC:3413	EPM2A
HGNC:3415	EPO
HGNC:3416	EPOR
HGNC:3420	EPS8
HGNC:343	AHCY
HGNC:3430	ERBB2
HGNC:3431	ERBB3
HGNC:3432	ERBB4
HGNC:3433	ERCC1
HGNC:3434	ERCC2
HGNC:3435	ERCC3
HGNC:3436	ERCC4
HGNC:3437	ERCC5
HGNC:3438	ERCC6
HGNC:34383	PCARE
HGNC:3439	ERCC8
HGNC:34399	UQCC3
HGNC:3444	ERF
HGNC:3467	ESR1
HGNC:3473	ESRRB
HGNC:3481	ETFA
HGNC:3482	ETFB
HGNC:3483	ETFDH
HGNC:3495	ETV6
HGNC:3497	EVC
HGNC:3498	MECOM
HGNC:3508	EWSR1
HGNC:3512	EXT1
HGNC:35126	BHLHA9
HGNC:3513	EXT2
HGNC:3518	EXTL3
HGNC:3519	EYA1
HGNC:3522	EYA4
HGNC:3527	EZH2
HGNC:3528	F10
HGNC:3529	F11
HGNC:3530	F12
HGNC:3531	F13A1
HGNC:3534	F13B
HGNC:3535	F2
HGNC:3542	F5
HGNC:3544	F7
HGNC:3546	F8
HGNC:3551	F9
HGNC:3553	FAAH
HGNC:3571	ACSL4
HGNC:3573	FADD
HGNC:3579	FAH
HGNC:358	AIP
HGNC:3581	BPTF
HGNC:3582	FANCA
HGNC:3583	FANCB
HGNC:3584	FANCC
HGNC:3585	FANCD2
HGNC:3586	FANCE
HGNC:3587	FANCF
HGNC:3588	FANCG
HGNC:359	AIPL1
HGNC:360	AIRE
HGNC:3600	FBLN1
HGNC:3602	FBLN5
HGNC:3603	FBN1
HGNC:3604	FBN2
HGNC:3606	FBP1
HGNC:361	AK1
HGNC:3616	FCGR2A
HGNC:3618	FCGR2B
HGNC:3619	FCGR3A
HGNC:362	AK2
HGNC:3622	FKTN
HGNC:3625	FCN3
HGNC:3631	FDPS
HGNC:3642	FDXR
HGNC:3647	FECH
HGNC:3661	FGA
HGNC:3662	FGB
HGNC:3663	FGD1
HGNC:3666	FGF10
HGNC:3668	FGF12
HGNC:3671	FGF14
HGNC:3672	FGF16
HGNC:3673	FGF17
HGNC:3677	FGF20
HGNC:368	AKAP10
HGNC:3680	FGF23
HGNC:3681	FGF3
HGNC:3683	FGF5
HGNC:3686	FGF8
HGNC:3687	FGF9
HGNC:3688	FGFR1
HGNC:3689	FGFR2
HGNC:3690	FGFR3
HGNC:3693	FGFRL1
HGNC:3694	FGG
HGNC:37	ABCA7
HGNC:3700	FH
HGNC:3702	FHL1
HGNC:3705	FIBP
HGNC:3706	ATP8B1
HGNC:3721	FKBP5
HGNC:37212	KLLN
HGNC:37227	KBTBD13
HGNC:37234	TMEM231
HGNC:37276	CRPPA
HGNC:3748	FLG
HGNC:3754	FLNA
HGNC:3755	FLNB
HGNC:3756	FLNC
HGNC:3762	FLRT3
HGNC:3765	FLT3
HGNC:3767	FLT4
HGNC:3771	FMO3
HGNC:3775	FMR1
HGNC:3776	AFF2
HGNC:3778	FN1
HGNC:379	AKAP9
HGNC:3791	FOLR1
HGNC:3800	FOXC1
HGNC:3801	FOXC2
HGNC:3804	FOXD3
HGNC:3806	FOXE1
HGNC:3808	FOXE3
HGNC:3809	FOXF1
HGNC:3811	FOXG1
HGNC:3815	FOXI1
HGNC:3819	FOXO1
HGNC:3823	FOXP1
HGNC:385	AKR1C2
HGNC:3858	FRA16B
HGNC:3861	FRA16E
HGNC:387	AKR1C4
HGNC:388	AKR1D1
HGNC:39080	KCNJ18
HGNC:391	AKT1
HGNC:392	AKT2
HGNC:393	AKT3
HGNC:3942	MTOR
HGNC:39433	PRSS56
HGNC:3945	FRAXA
HGNC:3948	FRAXD
HGNC:395	ALAD
HGNC:3951	FXN
HGNC:3954	FRG1
HGNC:3959	FRZB
HGNC:3960	FSCN2
HGNC:3964	FSHB
HGNC:3969	FSHR
HGNC:397	ALAS2
HGNC:3974	FTCD
HGNC:3976	FTH1
HGNC:399	ALB
HGNC:3999	FTL
HGNC:40	ABCB1
HGNC:40038	PET100
HGNC:4006	FUCA1
HGNC:4010	FUS
HGNC:4012	FUT1
HGNC:4017	FUT6
HGNC:4026	FXYD2
HGNC:403	ALDH3A2
HGNC:4035	ACKR1
HGNC:4036	FYB1
HGNC:404	ALDH2
HGNC:4042	FZD4
HGNC:4044	FZD6
HGNC:4053	ISG15
HGNC:4056	G6PC1
HGNC:4057	G6PD
HGNC:406	ALDH4A1
HGNC:4061	SLC37A4
HGNC:4065	GAA
HGNC:4075	GABRA1
HGNC:4076	GABRA2
HGNC:408	ALDH5A1
HGNC:4081	GABRB1
HGNC:4083	GABRB3
HGNC:4084	GABRD
HGNC:4087	GABRG2
HGNC:409	ALDH1A3
HGNC:4092	GAD1
HGNC:4114	GAL
HGNC:4115	GALC
HGNC:4116	GALE
HGNC:4118	GALK1
HGNC:4122	GALNS
HGNC:4135	GALT
HGNC:4136	GAMT
HGNC:4137	GAN
HGNC:4138	GANAB
HGNC:414	ALDOA
HGNC:4162	GARS1
HGNC:4166	GAS8
HGNC:417	ALDOB
HGNC:4170	GATA1
HGNC:4171	GATA2
HGNC:4172	GATA3
HGNC:4173	GATA4
HGNC:4174	GATA6
HGNC:4175	GATM
HGNC:4177	GBA1
HGNC:4180	GBE1
HGNC:4189	GCDH
HGNC:4192	GCGR
HGNC:4193	GCH1
HGNC:4195	GCK
HGNC:4198	GCM2
HGNC:42	ABCB11
HGNC:4204	GCNT2
HGNC:4206	OPN1MW
HGNC:4208	GCSH
HGNC:4214	GDF1
HGNC:4217	GDF2
HGNC:4218	GDF3
HGNC:4220	GDF5
HGNC:4221	GDF6
HGNC:4223	MSTN
HGNC:4226	GDI1
HGNC:4232	GDNF
HGNC:4235	GFAP
HGNC:4236	GFER
HGNC:4237	GFI1
HGNC:4238	GFI1B
HGNC:4241	GFPT1
HGNC:4247	GGCX
HGNC:4250	GGT1
HGNC:4261	GH1
HGNC:4263	GHR
HGNC:4266	GHRHR
HGNC:4268	CBLIF
HGNC:427	ALK
HGNC:4274	GJA1
HGNC:4277	GJA3
HGNC:4279	GJA5
HGNC:428	ALMS1
HGNC:4281	GJA8
HGNC:4283	GJB1
HGNC:4284	GJB2
HGNC:4285	GJB3
HGNC:4286	GJB4
HGNC:4288	GJB6
HGNC:4289	GK
HGNC:4296	GLA
HGNC:4298	GLB1
HGNC:43	TAP1
HGNC:430	ALOX12B
HGNC:4311	GCLC
HGNC:4312	GCLM
HGNC:4313	GLDC
HGNC:4315	GLE1
HGNC:4318	GLI2
HGNC:4319	GLI3
HGNC:4326	GLRA1
HGNC:4329	GLRB
HGNC:4331	GLS
HGNC:4335	GLUD1
HGNC:4336	GLUD2
HGNC:4341	GLUL
HGNC:435	ALOX5
HGNC:436	ALOX5AP
HGNC:4367	GM2A
HGNC:438	ALPL
HGNC:4385	GNAI2
HGNC:4387	GNAI3
HGNC:4388	GNAL
HGNC:4389	GNAO1
HGNC:4390	GNAQ
HGNC:4392	GNAS
HGNC:4393	GNAT1
HGNC:4394	GNAT2
HGNC:4396	GNB1
HGNC:44	TAP2
HGNC:4400	GNB3
HGNC:4401	GNB5
HGNC:4415	GNMT
HGNC:4416	GNPAT
HGNC:4419	GNRH1
HGNC:4421	GNRHR
HGNC:4422	GNS
HGNC:4428	GOLGA5
HGNC:443	ALS2
HGNC:4431	GOSR2
HGNC:4439	GP1BA
HGNC:4440	GP1BB
HGNC:4444	GP9
HGNC:4446	GPAA1
HGNC:445	SETX
HGNC:4451	GPC3
HGNC:4452	GPC4
HGNC:4454	GPC6
HGNC:4455	GPD1
HGNC:4456	GPD2
HGNC:4458	GPI
HGNC:449	ALX3
HGNC:45	ABCB4
HGNC:450	ALX4
HGNC:4507	GABBR2
HGNC:451	AMACR
HGNC:4510	KISS1R
HGNC:4512	ADGRG1
HGNC:4516	ADGRG2
HGNC:4519	GPR68
HGNC:452	AMBN
HGNC:4539	GPR88
HGNC:4551	TECR
HGNC:4553	GPX1
HGNC:4556	GPX4
HGNC:4570	GRHPR
HGNC:4573	GRIA3
HGNC:4576	GRID2
HGNC:4580	GRIK2
HGNC:4584	GRIN1
HGNC:4585	GRIN2A
HGNC:4586	GRIN2B
HGNC:4588	GRIN2D
HGNC:4593	GRM1
HGNC:4598	GRM6
HGNC:4601	GRN
HGNC:461	AMELX
HGNC:4612	GSC
HGNC:4620	GSN
HGNC:4624	GSS
HGNC:464	AMH
HGNC:465	AMHR2
HGNC:4651	GTF2E2
HGNC:467	AMMECR1
HGNC:4678	GUCA1A
HGNC:4679	GUCA1B
HGNC:468	AMPD1
HGNC:4685	GUCY1A1
HGNC:4688	GUCY2C
HGNC:4689	GUCY2D
HGNC:469	AMPD2
HGNC:4696	GUSB
HGNC:4699	GYG1
HGNC:47	ABCB6
HGNC:470	AMPD3
HGNC:4702	GYPA
HGNC:4703	GYPB
HGNC:4704	GYPC
HGNC:4706	GYS1
HGNC:4707	GYS2
HGNC:4713	H19
HGNC:473	AMT
HGNC:4795	H6PD
HGNC:4796	HAAO
HGNC:4798	HABP2
HGNC:4799	HADH
HGNC:48	ABCB7
HGNC:4800	HSD17B10
HGNC:4801	HADHA
HGNC:4803	HADHB
HGNC:4805	HAGH
HGNC:4806	HAL
HGNC:4807	HAND1
HGNC:4808	HAND2
HGNC:4814	KALRN
HGNC:4816	HARS1
HGNC:4817	HARS2
HGNC:4823	HBA1
HGNC:4824	HBA2
HGNC:4827	HBB
HGNC:483	ANG
HGNC:4832	HBG2
HGNC:4837	HCCS
HGNC:4838	SERPIND1
HGNC:4839	HCFC1
HGNC:4845	HCN1
HGNC:4847	HCRT
HGNC:4851	HTT
HGNC:4855	HDC
HGNC:4861	HELLS
HGNC:4867	HERC1
HGNC:4868	HERC2
HGNC:4877	HESX1
HGNC:4878	HEXA
HGNC:4879	HEXB
HGNC:4883	CFH
HGNC:4886	HFE
HGNC:4887	HJV
HGNC:4888	CFHR1
HGNC:4892	HGD
HGNC:4893	HGF
HGNC:4908	HIBCH
HGNC:491	ANGPTL3
HGNC:4912	HINT1
HGNC:4913	HIP1
HGNC:492	ANK1
HGNC:4921	HIVEP2
HGNC:4922	HK1
HGNC:493	ANK2
HGNC:4931	HLA-A
HGNC:4932	HLA-B
HGNC:4933	HLA-C
HGNC:494	ANK3
HGNC:4942	HLA-DQA1
HGNC:4944	HLA-DQB1
HGNC:4948	HLA-DRB1
HGNC:496	RIPK4
HGNC:4964	HLA-G
HGNC:497	TRPA1
HGNC:4976	HLCS
HGNC:4978	HLX
HGNC:4979	MNX1
HGNC:4982	HMBS
HGNC:5004	HMGB3
HGNC:5005	HMGCL
HGNC:5008	HMGCS2
HGNC:5009	HMGA2
HGNC:5010	HMGA1
HGNC:5012	HMMR
HGNC:5013	HMOX1
HGNC:5017	HMX1
HGNC:5024	HNF4A
HGNC:5028	HNMT
HGNC:5031	HNRNPA1
HGNC:5033	HNRNPA2B1
HGNC:5035	HNRNPC
HGNC:5037	HNRNPDL
HGNC:5042	HNRNPH2
HGNC:5044	HNRNPK
HGNC:5099	HOXA1
HGNC:5101	HOXA11
HGNC:5102	HOXA13
HGNC:5103	HOXA2
HGNC:5111	HOXB1
HGNC:5125	HOXC13
HGNC:5133	HOXD10
HGNC:5136	HOXD13
HGNC:5141	HP
HGNC:5144	HPCA
HGNC:5147	HPD
HGNC:5154	HPGD
HGNC:5157	HPRT1
HGNC:5163	HPS1
HGNC:5166	HPV18I1
HGNC:5167	HPV18I2
HGNC:5172	HR
HGNC:5173	HRAS
HGNC:5181	HRG
HGNC:5201	HS6ST1
HGNC:5208	HSD11B1
HGNC:5209	HSD11B2
HGNC:5212	HSD17B3
HGNC:5213	HSD17B4
HGNC:5218	HSD3B2
HGNC:5227	HSF4
HGNC:5228	DNAJB2
HGNC:5244	HSPA9
HGNC:5246	HSPB1
HGNC:5248	HSPB3
HGNC:5261	HSPD1
HGNC:5273	HSPG2
HGNC:5285	HTOR
HGNC:5286	HTR1A
HGNC:5293	HTR2A
HGNC:53	ABCC2
HGNC:5318	TNC
HGNC:5320	HYAL1
HGNC:5321	HYAL2
HGNC:5326	HYMAI
HGNC:5330	IARS1
HGNC:5331	NOD2
HGNC:5344	ICAM1
HGNC:5351	ICOS
HGNC:5358	IRF8
HGNC:5382	IDH1
HGNC:5383	IDH2
HGNC:5385	IDH3B
HGNC:5389	IDS
HGNC:5391	IDUA
HGNC:5394	CFI
HGNC:5401	SP110
HGNC:5414	IFITM3
HGNC:543	ANXA5
HGNC:5433	IFNAR2
HGNC:5438	IFNG
HGNC:5439	IFNGR1
HGNC:5440	IFNGR2
HGNC:5461	IGBP1
HGNC:5464	IGF1
HGNC:5465	IGF1R
HGNC:5466	IGF2
HGNC:5467	IGF2R
HGNC:5468	IGFALS
HGNC:5476	IGFBP7
HGNC:5541	IGHM
HGNC:5542	IGHMBP2
HGNC:559	AP1S1
HGNC:565	AP2S1
HGNC:566	AP3B1
HGNC:567	AP3B2
HGNC:568	AP3D1
HGNC:57	ABCC6
HGNC:5716	IGKC
HGNC:572	AP4B1
HGNC:5724	RBPJ
HGNC:573	AP4E1
HGNC:574	AP4M1
HGNC:575	AP4S1
HGNC:582	APBB2
HGNC:583	APC
HGNC:5870	IGLL1
HGNC:59	ABCC8
HGNC:592	XIAP
HGNC:5948	IGSF1
HGNC:5950	IGSF3
HGNC:5956	IHH
HGNC:5959	ELP1
HGNC:5960	IKBKB
HGNC:5961	IKBKG
HGNC:5962	IL10
HGNC:5964	IL10RA
HGNC:5965	IL10RB
HGNC:5967	IL11RA
HGNC:5970	IL12B
HGNC:5971	IL12RB1
HGNC:5973	IL13
HGNC:5985	IL17RA
HGNC:5992	IL1B
HGNC:5996	IL1RAPL1
HGNC:60	ABCC9
HGNC:600	APOA1
HGNC:6000	IL1RN
HGNC:6005	IL21
HGNC:6006	IL21R
HGNC:6008	IL2RA
HGNC:601	APOA2
HGNC:6010	IL2RG
HGNC:6015	IL4R
HGNC:6018	IL6
HGNC:6024	IL7R
HGNC:6026	CXCR1
HGNC:6027	CXCR2
HGNC:603	APOB
HGNC:6050	IMPA1
HGNC:6052	IMPDH1
HGNC:6055	IMPG1
HGNC:6062	ING1
HGNC:6080	INPPL1
HGNC:6081	INS
HGNC:6086	INSL3
HGNC:609	APOC2
HGNC:6091	INSR
HGNC:61	ABCD1
HGNC:610	APOC3
HGNC:6106	FOXP3
HGNC:6107	PDX1
HGNC:6109	IPW
HGNC:6116	IRF1
HGNC:6118	IRF3
HGNC:6120	IRF5
HGNC:6121	IRF6
HGNC:6122	IRF7
HGNC:6125	IRS1
HGNC:6126	IRS2
HGNC:613	APOE
HGNC:6137	ITGA2
HGNC:6138	ITGA2B
HGNC:6139	ITGA3
HGNC:6142	ITGA6
HGNC:6143	ITGA7
HGNC:6144	ITGA8
HGNC:6149	ITGAM
HGNC:6155	ITGB2
HGNC:6156	ITGB3
HGNC:6158	ITGB4
HGNC:6161	ITGB6
HGNC:6169	ITIH4
HGNC:6171	ITK
HGNC:6172	STT3A
HGNC:6174	ITM2B
HGNC:6176	ITPA
HGNC:618	APOL1
HGNC:6180	ITPR1
HGNC:6181	ITPR2
HGNC:6182	ITPR3
HGNC:6186	IVD
HGNC:6188	JAG1
HGNC:619	APOL2
HGNC:6190	JAK1
HGNC:6192	JAK2
HGNC:6193	JAK3
HGNC:620	APP
HGNC:6207	JUP
HGNC:6210	CD82
HGNC:6211	ANOS1
HGNC:6215	KARS1
HGNC:6217	KATNB1
HGNC:6218	KCNA1
HGNC:6220	KCNA2
HGNC:6224	KCNA5
HGNC:6231	KCNB1
HGNC:6233	KCNC1
HGNC:6235	KCNC3
HGNC:6239	KCND3
HGNC:6240	KCNE1
HGNC:6242	KCNE2
HGNC:6243	KCNE3
HGNC:6250	KCNH1
HGNC:6251	KCNH2
HGNC:6255	KCNJ1
HGNC:6256	KCNJ10
HGNC:6257	KCNJ11
HGNC:6259	KCNJ13
HGNC:626	APRT
HGNC:6263	KCNJ2
HGNC:6266	KCNJ5
HGNC:6267	KCNJ6
HGNC:6278	KCNK3
HGNC:6283	KCNK9
HGNC:6284	KCNMA1
HGNC:6293	KCNN4
HGNC:6294	KCNQ1
HGNC:6295	KCNQ1OT1
HGNC:6296	KCNQ2
HGNC:6297	KCNQ3
HGNC:6298	KCNQ4
HGNC:6307	KDR
HGNC:6309	KERA
HGNC:6315	KHK
HGNC:6317	KIF1C
HGNC:6318	KIF2A
HGNC:6323	KIF5A
HGNC:6325	KIF5C
HGNC:6338	KIR3DL1
HGNC:634	AQP2
HGNC:6341	KISS1
HGNC:6342	KIT
HGNC:6343	KITLG
HGNC:6345	KLF1
HGNC:6354	KLHL3
HGNC:6357	KLK1
HGNC:6365	KLK4
HGNC:6371	KLKB1
HGNC:638	AQP5
HGNC:6383	KNG1
HGNC:6388	KIF11
HGNC:6391	KIF22
HGNC:6404	KPTN
HGNC:6407	KRAS
HGNC:6408	MAFB
HGNC:6412	KRT1
HGNC:6413	KRT10
HGNC:6414	KRT12
HGNC:6415	KRT13
HGNC:6416	KRT14
HGNC:6423	KRT16
HGNC:6427	KRT17
HGNC:6439	KRT2
HGNC:644	AR
HGNC:6440	KRT3
HGNC:6441	KRT4
HGNC:6442	KRT5
HGNC:6443	KRT6A
HGNC:6444	KRT6B
HGNC:6447	KRT9
HGNC:6458	KRT81
HGNC:6460	KRT83
HGNC:6462	KRT85
HGNC:6463	KRT86
HGNC:6469	KYNU
HGNC:6470	L1CAM
HGNC:6481	LAMA1
HGNC:6482	LAMA2
HGNC:6483	LAMA3
HGNC:6484	LAMA4
HGNC:6485	LAMA5
HGNC:6486	LAMB1
HGNC:6487	LAMB2
HGNC:649	ARCN1
HGNC:6490	LAMB3
HGNC:6493	LAMC2
HGNC:6494	LAMC3
HGNC:6501	LAMP2
HGNC:6502	RPSA
HGNC:6511	LARGE1
HGNC:6512	LARS1
HGNC:6518	LBR
HGNC:6522	LCAT
HGNC:6524	LCK
HGNC:6530	LCT
HGNC:6535	LDHA
HGNC:6541	LDHB
HGNC:6545	COG1
HGNC:6547	LDLR
HGNC:6553	LEP
HGNC:6554	LEPR
HGNC:6556	LETM1
HGNC:6560	LFNG
HGNC:6562	LGALS2
HGNC:6572	LGI1
HGNC:6584	LHB
HGNC:6585	LHCGR
HGNC:6595	LHX3
HGNC:6597	LIFR
HGNC:6601	LIG4
HGNC:6610	LIM2
HGNC:6617	LIPA
HGNC:6619	LIPC
HGNC:6621	LIPE
HGNC:663	ARG1
HGNC:6631	LMAN1
HGNC:6636	LMNA
HGNC:6637	LMNB1
HGNC:6638	LMNB2
HGNC:6649	LMOD3
HGNC:6654	LMX1B
HGNC:6663	LORICRIN
HGNC:6664	LOX
HGNC:6665	LOXL1
HGNC:6677	LPL
HGNC:6685	LRAT
HGNC:6692	LRP1
HGNC:6694	LRP2
HGNC:6696	LRP4
HGNC:6697	LRP5
HGNC:6698	LRP6
HGNC:67	ABCD3
HGNC:6700	LRP8
HGNC:6701	LRPAP1
HGNC:6708	LSS
HGNC:6709	LTA
HGNC:6715	LTBP2
HGNC:6716	LTBP3
HGNC:6717	LTBP4
HGNC:6719	LTC4S
HGNC:6740	LYZ
HGNC:6741	LZTFL1
HGNC:6742	LZTR1
HGNC:6758	MAB21L2
HGNC:6762	MAD1L1
HGNC:6764	MAD2L2
HGNC:6769	SMAD3
HGNC:6770	SMAD4
HGNC:6772	SMAD6
HGNC:6773	SMAD7
HGNC:6774	SMAD9
HGNC:6776	MAF
HGNC:678	ARHGDIA
HGNC:6783	MAG
HGNC:68	ABCD4
HGNC:6814	MAGEL2
HGNC:6816	MAK
HGNC:6819	MALT1
HGNC:6823	MAN1B1
HGNC:6826	MAN2B1
HGNC:6831	MANBA
HGNC:6833	MAOA
HGNC:6840	MAP2K1
HGNC:6842	MAP2K2
HGNC:6848	MAP3K1
HGNC:685	ARHGEF6
HGNC:6853	MAP3K14
HGNC:6859	MAP3K7
HGNC:6860	MAP3K8
HGNC:6882	MAPK8IP1
HGNC:6888	MAPKAPK3
HGNC:6891	MAPRE2
HGNC:6893	MAPT
HGNC:6898	MARS1
HGNC:6901	MASP1
HGNC:6902	MASP2
HGNC:6903	MAT1A
HGNC:6909	MATN3
HGNC:691	PHOX2A
HGNC:6912	MATR3
HGNC:6913	MAX
HGNC:6922	MBL2
HGNC:6929	MC1R
HGNC:6930	MC2R
HGNC:6931	MC3R
HGNC:6932	MC4R
HGNC:6936	MCCC1
HGNC:6937	MCCC2
HGNC:6938	CHST6
HGNC:6944	MCM2
HGNC:6947	MCM4
HGNC:6949	MCM6
HGNC:6953	CD46
HGNC:6954	MCPH1
HGNC:697	ARL6IP1
HGNC:6971	MDH2
HGNC:6973	MDM2
HGNC:6990	MECP2
HGNC:6993	MEF2A
HGNC:6996	MEF2C
HGNC:6998	MEFV
HGNC:7	A2M
HGNC:7001	MEIS2
HGNC:7010	MEN1
HGNC:7013	MEOX1
HGNC:7027	MERTK
HGNC:7029	MET
HGNC:7045	MGAT2
HGNC:7060	MGP
HGNC:7067	CIITA
HGNC:7095	MID1
HGNC:7096	MID2
HGNC:7097	MIF
HGNC:7102	MINPP1
HGNC:7103	MIP
HGNC:7104	MIPEP
HGNC:7105	MITF
HGNC:7106	ATXN3
HGNC:7108	MKKS
HGNC:7114	MKRN3
HGNC:7121	MKS1
HGNC:7127	MLH1
HGNC:7128	MLH3
HGNC:713	ARSA
HGNC:7132	KMT2A
HGNC:7133	KMT2D
HGNC:714	ARSB
HGNC:7146	TRPM1
HGNC:7150	MLYCD
HGNC:7154	MME
HGNC:7155	MMP1
HGNC:7159	MMP13
HGNC:7160	MMP14
HGNC:7165	MMP19
HGNC:7166	MMP2
HGNC:7167	MMP20
HGNC:7173	MMP3
HGNC:7176	MMP9
HGNC:7179	ALDH6A1
HGNC:7180	MN1
HGNC:719	ARSL
HGNC:7190	MOCS1
HGNC:7193	MOCS2
HGNC:7197	MOG
HGNC:7207	MPDU1
HGNC:7208	MPDZ
HGNC:7216	MPI
HGNC:7217	MPL
HGNC:7218	MPO
HGNC:7224	MPV17
HGNC:7225	MPZ
HGNC:7230	MRE11
HGNC:7315	MS4A1
HGNC:7316	MS4A2
HGNC:7323	SEPTIN9
HGNC:7325	MSH2
HGNC:7326	MSH3
HGNC:7329	MSH6
HGNC:735	ASAH1
HGNC:7372	MSMB
HGNC:7373	MSN
HGNC:7376	MSR1
HGNC:738	ASCL1
HGNC:7381	MST1R
HGNC:7391	MSX1
HGNC:7392	MSX2
HGNC:7414	MT-ATP6
HGNC:7419	MT-CO1
HGNC:7421	MT-CO2
HGNC:7422	MT-CO3
HGNC:7427	MT-CYB
HGNC:7432	MTHFD1
HGNC:7436	MTHFR
HGNC:7448	MTM1
HGNC:7450	MTMR2
HGNC:7455	MT-ND1
HGNC:7456	MT-ND2
HGNC:7458	MT-ND3
HGNC:7459	MT-ND4
HGNC:746	ASL
HGNC:7460	MT-ND4L
HGNC:7461	MT-ND5
HGNC:7462	MT-ND6
HGNC:7464	MTNR1B
HGNC:7467	MTTP
HGNC:7468	MTR
HGNC:7470	MT-RNR1
HGNC:7473	MTRR
HGNC:7477	MT-TC
HGNC:7481	MT-TF
HGNC:7487	MT-TH
HGNC:7488	MT-TI
HGNC:7489	MT-TK
HGNC:7490	MT-TL1
HGNC:7493	MT-TN
HGNC:7494	MT-TP
HGNC:7495	MT-TQ
HGNC:7497	MT-TS1
HGNC:7498	MT-TS2
HGNC:7499	MT-TT
HGNC:7500	MT-TV
HGNC:7501	MT-TW
HGNC:7508	MUC1
HGNC:7516	MUC5B
HGNC:7518	MUC7
HGNC:7523	TRIM37
HGNC:7525	MUSK
HGNC:7526	MMUT
HGNC:7527	MUTYH
HGNC:7529	MVD
HGNC:753	ASNS
HGNC:7530	MVK
HGNC:7534	MXI1
HGNC:7549	MYBPC1
HGNC:7551	MYBPC3
HGNC:7553	MYC
HGNC:7559	MYCN
HGNC:756	ASPA
HGNC:7562	MYD88
HGNC:7566	MYF6
HGNC:7569	MYH11
HGNC:757	ASPH
HGNC:7572	MYH2
HGNC:7573	MYH3
HGNC:7576	MYH6
HGNC:7577	MYH7
HGNC:7578	MYH8
HGNC:7579	MYH9
HGNC:758	ASS1
HGNC:7582	MYL1
HGNC:7583	MYL2
HGNC:7584	MYL3
HGNC:7585	MYL4
HGNC:7590	MYLK
HGNC:7594	MYO15A
HGNC:7595	MYO1A
HGNC:7599	MYO1E
HGNC:7601	MYO3A
HGNC:7602	MYO5A
HGNC:7603	MYO5B
HGNC:7605	MYO6
HGNC:7606	MYO7A
HGNC:7609	MYO9B
HGNC:7610	MYOC
HGNC:7623	MYT1L
HGNC:7631	NAGA
HGNC:7632	NAGLU
HGNC:7643	NARS1
HGNC:7646	NAT2
HGNC:7652	NBN
HGNC:7660	NCF1
HGNC:7661	NCF2
HGNC:7662	NCF4
HGNC:7671	NCOA4
HGNC:7675	NDN
HGNC:7677	NSMCE3
HGNC:7678	NDP
HGNC:7679	NDRG1
HGNC:7680	NDST1
HGNC:7683	NDUFA1
HGNC:7684	NDUFA10
HGNC:7685	NDUFA2
HGNC:7690	NDUFA6
HGNC:7693	NDUFA9
HGNC:7698	NDUFB3
HGNC:7703	NDUFB8
HGNC:7704	NDUFB9
HGNC:7707	NDUFS1
HGNC:7708	NDUFS2
HGNC:7710	NDUFS3
HGNC:7711	NDUFS4
HGNC:7713	NDUFS6
HGNC:7714	NDUFS7
HGNC:7715	NDUFS8
HGNC:7716	NDUFV1
HGNC:7717	NDUFV2
HGNC:7720	NEB
HGNC:7728	NEDD4L
HGNC:7737	NEFH
HGNC:7739	NEFL
HGNC:7744	NEK1
HGNC:7745	NEK2
HGNC:775	SERPINC1
HGNC:7758	NEU1
HGNC:7762	NEUROD1
HGNC:7765	NF1
HGNC:777	ZFHX3
HGNC:7773	NF2
HGNC:7784	NFIA
HGNC:7788	NFIX
HGNC:779	ATCAY
HGNC:7794	NFKB1
HGNC:7795	NFKB2
HGNC:7797	NFKBIA
HGNC:7800	NFKBIL1
HGNC:7808	NGF
HGNC:7820	NHS
HGNC:7849	NME1
HGNC:7856	NQO2
HGNC:7863	NNT
HGNC:7865	NODAL
HGNC:7866	NOG
HGNC:7869	NOL3
HGNC:7871	NONO
HGNC:7873	NOS2
HGNC:7876	NOS3
HGNC:7881	NOTCH1
HGNC:7882	NOTCH2
HGNC:7883	NOTCH3
HGNC:7892	PNP
HGNC:7897	NPC1
HGNC:7905	NPHP1
HGNC:7907	NPHP3
HGNC:7908	NPHS1
HGNC:791	ATF6
HGNC:7939	NPPA
HGNC:794	ATIC
HGNC:7944	NPR2
HGNC:795	ATM
HGNC:7960	NR0B1
HGNC:7961	NR0B2
HGNC:7967	NR1H4
HGNC:7974	NR2E3
HGNC:7975	NR2F1
HGNC:7976	NR2F2
HGNC:7978	NR3C1
HGNC:7979	NR3C2
HGNC:7981	NR4A2
HGNC:7982	NR4A3
HGNC:7983	NR5A1
HGNC:7989	NRAS
HGNC:799	ATP1A1
HGNC:7997	NRG1
HGNC:800	ATP1A2
HGNC:8002	NRL
HGNC:8008	NRXN1
HGNC:801	ATP1A3
HGNC:8011	CNTNAP1
HGNC:8021	NT5E
HGNC:8022	NT5C2
HGNC:8024	NTF4
HGNC:8028	NTHL1
HGNC:8031	NTRK1
HGNC:8032	NTRK2
HGNC:804	ATP1B1
HGNC:8059	NUMA1
HGNC:8063	NUP155
HGNC:8064	NUP214
HGNC:8066	NUP62
HGNC:8067	NUP88
HGNC:8079	FRMD7
HGNC:8082	NYX
HGNC:8086	OAS1
HGNC:8091	OAT
HGNC:8101	OCA2
HGNC:8104	OCLN
HGNC:8108	OCRL
HGNC:8109	ODC1
HGNC:811	ATP2A1
HGNC:812	ATP2A2
HGNC:8124	OGDH
HGNC:8125	OGG1
HGNC:8133	OLR1
HGNC:8140	OPA1
HGNC:8142	OPA3
HGNC:8143	OPCML
HGNC:8148	OPHN1
HGNC:8149	OPLAH
HGNC:815	ATP2B2
HGNC:8157	SIGMAR1
HGNC:823	ATP5F1A
HGNC:838	ATP5F1E
HGNC:84	ACACA
HGNC:8487	ORC1
HGNC:8490	ORC4
HGNC:8507	OSMR
HGNC:8512	OTC
HGNC:8515	OTOF
HGNC:8516	OTOG
HGNC:8522	OTX2
HGNC:8527	OXCT1
HGNC:853	ATP6V1B1
HGNC:8533	P2RX1
HGNC:854	ATP6V1B2
HGNC:8547	P4HA2
HGNC:8548	P4HB
HGNC:8549	BLOC1S6
HGNC:8565	PABPN1
HGNC:8574	PAFAH1B1
HGNC:8582	PAH
HGNC:8583	SERPINE1
HGNC:8592	PAK3
HGNC:8604	PAPSS2
HGNC:8607	PRKN
HGNC:8609	PARN
HGNC:8615	PAX1
HGNC:8616	PAX2
HGNC:8617	PAX3
HGNC:8618	PAX4
HGNC:8619	PAX5
HGNC:8620	PAX6
HGNC:8621	PAX7
HGNC:8622	PAX8
HGNC:8623	PAX9
HGNC:8624	PAXIP1
HGNC:8636	PC
HGNC:8646	PCBD1
HGNC:8653	PCCA
HGNC:8654	PCCB
HGNC:866	ATP6V0A4
HGNC:868	ATP6AP1
HGNC:869	ATP7A
HGNC:87	ACAD8
HGNC:870	ATP7B
HGNC:8724	PCK1
HGNC:8725	PCK2
HGNC:8727	PCM1
HGNC:8729	PCNA
HGNC:8740	CHMP1A
HGNC:8743	PCSK1
HGNC:8754	PCYT1A
HGNC:8761	PDCD10
HGNC:8768	AIFM1
HGNC:877	ALDH7A1
HGNC:8772	PDE10A
HGNC:8773	PDE11A
HGNC:8778	PDE3A
HGNC:8783	PDE4D
HGNC:8785	PDE6A
HGNC:8786	PDE6B
HGNC:8787	PDE6C
HGNC:8788	PDE6D
HGNC:8789	PDE6G
HGNC:8790	PDE6H
HGNC:8794	PDE8B
HGNC:8800	PDGFB
HGNC:8803	PDGFRA
HGNC:8804	PDGFRB
HGNC:8805	PDGFRL
HGNC:8806	PDHA1
HGNC:8808	PDHB
HGNC:8818	SLC26A4
HGNC:8819	PDXK
HGNC:882	ATR
HGNC:8820	PDYN
HGNC:8824	SERPINF1
HGNC:8840	PEPD
HGNC:8846	PER2
HGNC:8847	PER3
HGNC:8850	PEX1
HGNC:8851	PEX10
HGNC:8853	PEX11B
HGNC:8854	PEX12
HGNC:8855	PEX13
HGNC:8856	PEX14
HGNC:8857	PEX16
HGNC:8858	PEX3
HGNC:8859	PEX6
HGNC:886	ATRX
HGNC:8860	PEX7
HGNC:8864	CFP
HGNC:8877	PFKM
HGNC:888	KIF1A
HGNC:8881	PFN1
HGNC:8885	PGA3
HGNC:8889	PGAM2
HGNC:8896	PGK1
HGNC:89	ACADM
HGNC:890	AUH
HGNC:8907	PGM3
HGNC:8910	PGR
HGNC:8912	PHB1
HGNC:8918	PHEX
HGNC:8923	PHGDH
HGNC:8925	PHKA1
HGNC:8926	PHKA2
HGNC:8927	PHKB
HGNC:8931	PHKG2
HGNC:894	AVP
HGNC:8940	PHYH
HGNC:8941	SERPINA1
HGNC:8943	SERPINI1
HGNC:8950	SERPINB6
HGNC:8952	SERPINB8
HGNC:8957	PIGA
HGNC:8959	PIGB
HGNC:8965	PIGK
HGNC:8966	PIGL
HGNC:8967	PIGN
HGNC:897	AVPR2
HGNC:8975	PIK3CA
HGNC:8977	PIK3CD
HGNC:8979	PIK3R1
HGNC:8980	PIK3R2
HGNC:8983	PI4KA
HGNC:8996	PIP5K1C
HGNC:8999	PISD
HGNC:90	ACADS
HGNC:9004	PITX1
HGNC:9005	PITX2
HGNC:9006	PITX3
HGNC:9008	PKD1
HGNC:9009	PKD2
HGNC:9016	PKHD1
HGNC:9020	PKLR
HGNC:9023	PKP1
HGNC:9024	PKP2
HGNC:903	AXIN1
HGNC:9038	PLA2G5
HGNC:9039	PLA2G6
HGNC:904	AXIN2
HGNC:9040	PLA2G7
HGNC:9045	PLAG1
HGNC:9046	PLAGL1
HGNC:905	AXL
HGNC:9051	PLAT
HGNC:9052	PLAU
HGNC:9059	PLCB4
HGNC:9060	PLCD1
HGNC:9066	PLCG2
HGNC:9067	PLD1
HGNC:9069	PLEC
HGNC:9071	PLG
HGNC:9075	SERPINF2
HGNC:9076	PLIN1
HGNC:9080	PLN
HGNC:9081	PLOD1
HGNC:9082	PLOD2
HGNC:9083	PLOD3
HGNC:9086	PLP1
HGNC:91	ACADSB
HGNC:9115	PMM2
HGNC:9117	PMP2
HGNC:9118	PMP22
HGNC:9121	PMS1
HGNC:9122	PMS2
HGNC:914	B2M
HGNC:9141	PMVK
HGNC:9142	PRRX1
HGNC:9143	PHOX2B
HGNC:9153	PNKD
HGNC:9154	PNKP
HGNC:9155	PNLIP
HGNC:9173	POLA1
HGNC:9175	POLD1
HGNC:9177	POLE
HGNC:9179	POLG
HGNC:9180	POLG2
HGNC:9181	POLH
HGNC:92	ACADVL
HGNC:9201	POMC
HGNC:9202	POMT1
HGNC:9204	PON1
HGNC:9208	POR
HGNC:9210	POU1F1
HGNC:9217	POU3F4
HGNC:9220	POU4F3
HGNC:923	B3GAT3
HGNC:9236	PPARG
HGNC:924	B4GALT1
HGNC:9251	CTSA
HGNC:9255	PPIB
HGNC:9277	PPM1D
HGNC:9279	PDP1
HGNC:9280	PPOX
HGNC:9291	PPP1R3A
HGNC:93	ACAT1
HGNC:930	B4GALT7
HGNC:9302	PPP2R1A
HGNC:9303	PPP2R1B
HGNC:9305	PPP2R2B
HGNC:9312	PPP2R5D
HGNC:932	BAAT
HGNC:9325	PPT1
HGNC:9330	PQBP1
HGNC:9343	PRCC
HGNC:9349	PRDM5
HGNC:9350	PRDM6
HGNC:9359	SLC26A5
HGNC:9360	PRF1
HGNC:9364	PRG4
HGNC:9380	PRKACA
HGNC:9382	PRKACG
HGNC:9386	PRKAG2
HGNC:9388	PRKAR1A
HGNC:939	BAG3
HGNC:9399	PRKCD
HGNC:94	ACAT2
HGNC:9402	PRKCG
HGNC:9403	PRKCH
HGNC:9411	PRKCSH
HGNC:9413	PRKDC
HGNC:9414	PRKG1
HGNC:9438	PRKRA
HGNC:9439	DNAJC3
HGNC:9446	PRLR
HGNC:9449	PRNP
HGNC:9451	PROC
HGNC:9453	PRODH
HGNC:9454	PROM1
HGNC:9455	PROP1
HGNC:9456	PROS1
HGNC:9457	PLPBP
HGNC:9460	PROZ
HGNC:9461	PRPH
HGNC:9462	PRPS1
HGNC:9475	PRSS1
HGNC:9476	HTRA1
HGNC:9477	PRSS12
HGNC:9479	LONP1
HGNC:9483	PRSS2
HGNC:9490	TMPRSS15
HGNC:9498	PSAP
HGNC:95	SLC33A1
HGNC:950	BAP1
HGNC:9508	PSEN1
HGNC:9509	PSEN2
HGNC:951	NKX3-2
HGNC:952	BARD1
HGNC:9535	PSMA6
HGNC:9545	PSMB8
HGNC:9577	PSPH
HGNC:9580	PSTPIP1
HGNC:9585	PTCH1
HGNC:9586	PTCH2
HGNC:9587	PTDSS1
HGNC:9588	PTEN
HGNC:9591	PTGDR
HGNC:9594	PTGER2
HGNC:9603	PTGIS
HGNC:9606	PTH
HGNC:9607	PTHLH
HGNC:9608	PTH1R
HGNC:9642	PTPN1
HGNC:9644	PTPN11
HGNC:9647	PTPN14
HGNC:9652	PTPN22
HGNC:966	BBS1
HGNC:9666	PTPRC
HGNC:967	BBS2
HGNC:9670	PTPRF
HGNC:9678	PTPRO
HGNC:9679	PTPRQ
HGNC:9685	PTPRZ1
HGNC:9688	CAVIN1
HGNC:9689	PTS
HGNC:969	BBS4
HGNC:970	BBS5
HGNC:9701	PURA
HGNC:9706	NECTIN1
HGNC:9713	PEX19
HGNC:9717	PEX2
HGNC:9719	PEX5
HGNC:9721	PYCR1
HGNC:9722	ALDH18A1
HGNC:9725	PYGL
HGNC:9726	PYGM
HGNC:9751	QARS1
HGNC:9752	QDPR
HGNC:9766	RAB27A
HGNC:9768	RAB28
HGNC:9788	RAB7A
HGNC:9802	RAC2
HGNC:9811	RAD21
HGNC:9816	RAD50
HGNC:9817	RAD51
HGNC:9820	RAD51C
HGNC:9823	RAD51D
HGNC:9826	RAD54L
HGNC:9829	RAF1
HGNC:9831	RAG1
HGNC:9832	RAG2
HGNC:9834	RAI1
HGNC:9848	RANBP2
HGNC:986	BCKDHA
HGNC:9863	RAPSN
HGNC:9864	RARA
HGNC:9865	RARB
HGNC:987	BCKDHB
HGNC:9870	RARS1
HGNC:9871	RASA1
HGNC:9879	RASGRP2
HGNC:9882	RASSF1
HGNC:9884	RB1
HGNC:989	BCL10
HGNC:9891	RBBP8
HGNC:9896	RBM10
HGNC:9905	RBM8A
HGNC:9906	RBFOX2
HGNC:9910	RBMX
HGNC:9912	RBMY1A1
HGNC:9921	RBP3
HGNC:9922	RBP4
HGNC:9936	OPN1LW
HGNC:9940	RDH5
HGNC:9942	PRPH2
HGNC:9944	RDX
HGNC:9949	RECQL4
HGNC:9957	RELN
HGNC:9958	REN
HGNC:9964	DPF2
HGNC:9965	RERE
HGNC:9966	REST
HGNC:9967	RET
HGNC:9986	RFX5
HGNC:9987	RFXANK
HGNC:9988	RFXAP
HGNC:9990	RGR
