id	category	name	description	xref	provided_by	synonym	iri	object	predicate	relation	same_as	subject	subsets
MONDO:0005260	biolink:Disease												
NCBITaxon:1591	biolink:OrganismTaxon												
NCBITaxon:885	biolink:OrganismTaxon												
MONDO:0005301	biolink:Disease												
NCBITaxon:84112	biolink:OrganismTaxon												
NCBITaxon:1308	biolink:OrganismTaxon												
NCBITaxon:853	biolink:OrganismTaxon												
NCBITaxon:649756	biolink:OrganismTaxon												
NCBITaxon:39491	biolink:OrganismTaxon												
NCBITaxon:1506	biolink:OrganismTaxon												
NCBITaxon:46506	biolink:OrganismTaxon												
NCBITaxon:310298	biolink:OrganismTaxon												
NCBITaxon:706562	biolink:OrganismTaxon												
NCBITaxon:28052	biolink:OrganismTaxon												
NCBITaxon:841	biolink:OrganismTaxon												
NCBITaxon:40545	biolink:OrganismTaxon												
NCBITaxon:387090	biolink:OrganismTaxon												
NCBITaxon:41211	biolink:OrganismTaxon												
NCBITaxon:165179	biolink:OrganismTaxon												
NCBITaxon:437897	biolink:OrganismTaxon												
MONDO:0005011	biolink:Disease												
NCBITaxon:33038	biolink:OrganismTaxon												
NCBITaxon:218538	biolink:OrganismTaxon												
NCBITaxon:1680	biolink:OrganismTaxon												
NCBITaxon:33033	biolink:OrganismTaxon												
NCBITaxon:28132	biolink:OrganismTaxon												
NCBITaxon:1261	biolink:OrganismTaxon												
NCBITaxon:1280	biolink:OrganismTaxon												
NCBITaxon:1328	biolink:OrganismTaxon												
NCBITaxon:1309	biolink:OrganismTaxon												
NCBITaxon:827	biolink:OrganismTaxon												
NCBITaxon:824	biolink:OrganismTaxon												
NCBITaxon:1338	biolink:OrganismTaxon												
MONDO:0005101	biolink:Disease												
NCBITaxon:28037	biolink:OrganismTaxon												
MONDO:0005052	biolink:Disease												
NCBITaxon:41200	biolink:OrganismTaxon												
NCBITaxon:33035	biolink:OrganismTaxon												
NCBITaxon:29465	biolink:OrganismTaxon												
NCBITaxon:29523	biolink:OrganismTaxon												
NCBITaxon:287	biolink:OrganismTaxon												
MONDO:0007329	biolink:Disease												
NCBITaxon:1686	biolink:OrganismTaxon												
NCBITaxon:216816	biolink:OrganismTaxon												
NCBITaxon:1689	biolink:OrganismTaxon												
NCBITaxon:35783	biolink:OrganismTaxon												
NCBITaxon:42895	biolink:OrganismTaxon												
MONDO:0005148	biolink:Disease												
NCBITaxon:59823	biolink:OrganismTaxon												
NCBITaxon:239935	biolink:OrganismTaxon												
NCBITaxon:329854	biolink:OrganismTaxon												
NCBITaxon:208479	biolink:OrganismTaxon												
NCBITaxon:154046	biolink:OrganismTaxon												
NCBITaxon:1547	biolink:OrganismTaxon												
NCBITaxon:1512	biolink:OrganismTaxon												
NCBITaxon:562	biolink:OrganismTaxon												
NCBITaxon:239759	biolink:OrganismTaxon												
NCBITaxon:1869337	biolink:OrganismTaxon												
NCBITaxon:292632	biolink:OrganismTaxon												
NCBITaxon:186803	biolink:OrganismTaxon												
NCBITaxon:729	biolink:OrganismTaxon												
NCBITaxon:166486	biolink:OrganismTaxon												
NCBITaxon:360807	biolink:OrganismTaxon												
NCBITaxon:142586	biolink:OrganismTaxon												
NCBITaxon:128827	biolink:OrganismTaxon												
MONDO:0011122	biolink:Disease												
NCBITaxon:821	biolink:OrganismTaxon												
MONDO:0005312	biolink:Disease												
NCBITaxon:1306	biolink:OrganismTaxon												
NCBITaxon:561	biolink:OrganismTaxon												
NCBITaxon:28050	biolink:OrganismTaxon												
NCBITaxon:216851	biolink:OrganismTaxon												
NCBITaxon:904	biolink:OrganismTaxon												
NCBITaxon:239934	biolink:OrganismTaxon												
NCBITaxon:544	biolink:OrganismTaxon												
NCBITaxon:171	biolink:OrganismTaxon												
NCBITaxon:53246	biolink:OrganismTaxon												
NCBITaxon:79206	biolink:OrganismTaxon												
NCBITaxon:1125	biolink:OrganismTaxon												
NCBITaxon:429	biolink:OrganismTaxon												
MONDO:0015183	biolink:Disease												
NCBITaxon:625	biolink:OrganismTaxon												
MONDO:0012268	biolink:Disease												
NCBITaxon:40519	biolink:OrganismTaxon												
NCBITaxon:40518	biolink:OrganismTaxon												
MONDO:0002358	biolink:Disease												
NCBITaxon:68766	biolink:OrganismTaxon												
NCBITaxon:543311	biolink:OrganismTaxon												
NCBITaxon:1262	biolink:OrganismTaxon												
NCBITaxon:39948	biolink:OrganismTaxon												
NCBITaxon:47293	biolink:OrganismTaxon												
NCBITaxon:616	biolink:OrganismTaxon												
NCBITaxon:229037	biolink:OrganismTaxon												
NCBITaxon:638847	biolink:OrganismTaxon												
NCBITaxon:52228	biolink:OrganismTaxon												
NCBITaxon:409	biolink:OrganismTaxon												
NCBITaxon:186804	biolink:OrganismTaxon												
NCBITaxon:970	biolink:OrganismTaxon												
NCBITaxon:2108	biolink:OrganismTaxon												
NCBITaxon:43996	biolink:OrganismTaxon												
NCBITaxon:416916	biolink:OrganismTaxon												
NCBITaxon:29387	biolink:OrganismTaxon												
NCBITaxon:166	biolink:OrganismTaxon												
NCBITaxon:479	biolink:OrganismTaxon												
NCBITaxon:44737	biolink:OrganismTaxon												
NCBITaxon:218	biolink:OrganismTaxon												
NCBITaxon:93217	biolink:OrganismTaxon												
NCBITaxon:76631	biolink:OrganismTaxon												
MONDO:0005083	biolink:Disease												
NCBITaxon:1743	biolink:OrganismTaxon												
MONDO:0009061	biolink:Disease												
NCBITaxon:647	biolink:OrganismTaxon												
NCBITaxon:416555	biolink:OrganismTaxon												
NCBITaxon:75984	biolink:OrganismTaxon												
NCBITaxon:916	biolink:OrganismTaxon												
NCBITaxon:177412	biolink:OrganismTaxon												
NCBITaxon:37915	biolink:OrganismTaxon												
NCBITaxon:1488	biolink:OrganismTaxon												
NCBITaxon:1685	biolink:OrganismTaxon												
NCBITaxon:2420	biolink:OrganismTaxon												
NCBITaxon:39765	biolink:OrganismTaxon												
NCBITaxon:341027	biolink:OrganismTaxon												
NCBITaxon:89966	biolink:OrganismTaxon												
NCBITaxon:137816	biolink:OrganismTaxon												
NCBITaxon:212365	biolink:OrganismTaxon												
NCBITaxon:120580	biolink:OrganismTaxon												
NCBITaxon:266812	biolink:OrganismTaxon												
NCBITaxon:38289	biolink:OrganismTaxon												
MONDO:0005002	biolink:Disease												
NCBITaxon:1313	biolink:OrganismTaxon												
NCBITaxon:573	biolink:OrganismTaxon												
NCBITaxon:244127	biolink:OrganismTaxon												
NCBITaxon:1409	biolink:OrganismTaxon												
NCBITaxon:698776	biolink:OrganismTaxon												
NCBITaxon:990721	biolink:OrganismTaxon												
NCBITaxon:33042	biolink:OrganismTaxon												
NCBITaxon:61170	biolink:OrganismTaxon												
NCBITaxon:283168	biolink:OrganismTaxon												
NCBITaxon:1017280	biolink:OrganismTaxon												
NCBITaxon:41978	biolink:OrganismTaxon												
NCBITaxon:1266	biolink:OrganismTaxon												
NCBITaxon:191303	biolink:OrganismTaxon												
NCBITaxon:29317	biolink:OrganismTaxon												
NCBITaxon:871665	biolink:OrganismTaxon												
NCBITaxon:33039	biolink:OrganismTaxon												
NCBITaxon:460384	biolink:OrganismTaxon												
NCBITaxon:820	biolink:OrganismTaxon												
NCBITaxon:626937	biolink:OrganismTaxon												
NCBITaxon:61171	biolink:OrganismTaxon												
NCBITaxon:290055	biolink:OrganismTaxon												
NCBITaxon:292800	biolink:OrganismTaxon												
NCBITaxon:28117	biolink:OrganismTaxon												
NCBITaxon:1537	biolink:OrganismTaxon												
NCBITaxon:333367	biolink:OrganismTaxon												
NCBITaxon:84024	biolink:OrganismTaxon												
NCBITaxon:160404	biolink:OrganismTaxon												
NCBITaxon:106588	biolink:OrganismTaxon												
NCBITaxon:39496	biolink:OrganismTaxon												
NCBITaxon:39484	biolink:OrganismTaxon												
MONDO:0005575	biolink:Disease												
MONDO:0005265	biolink:Disease												
NCBITaxon:818	biolink:OrganismTaxon												
NCBITaxon:47882	biolink:OrganismTaxon												
NCBITaxon:1402	biolink:OrganismTaxon												
NCBITaxon:442	biolink:OrganismTaxon												
NCBITaxon:571	biolink:OrganismTaxon												
NCBITaxon:550	biolink:OrganismTaxon												
NCBITaxon:1498	biolink:OrganismTaxon												
NCBITaxon:234908	biolink:OrganismTaxon												
NCBITaxon:31977	biolink:OrganismTaxon												
NCBITaxon:876	biolink:OrganismTaxon												
NCBITaxon:58621	biolink:OrganismTaxon												
NCBITaxon:901	biolink:OrganismTaxon												
NCBITaxon:40544	biolink:OrganismTaxon												
NCBITaxon:84026	biolink:OrganismTaxon												
NCBITaxon:39485	biolink:OrganismTaxon												
NCBITaxon:42322	biolink:OrganismTaxon												
NCBITaxon:33025	biolink:OrganismTaxon												
NCBITaxon:823	biolink:OrganismTaxon												
NCBITaxon:28136	biolink:OrganismTaxon												
NCBITaxon:102106	biolink:OrganismTaxon												
NCBITaxon:1683	biolink:OrganismTaxon												
NCBITaxon:1535	biolink:OrganismTaxon												
NCBITaxon:44749	biolink:OrganismTaxon												
NCBITaxon:33953	biolink:OrganismTaxon												
NCBITaxon:1490	biolink:OrganismTaxon												
NCBITaxon:1492	biolink:OrganismTaxon												
NCBITaxon:1531	biolink:OrganismTaxon												
NCBITaxon:69824	biolink:OrganismTaxon												
NCBITaxon:1496	biolink:OrganismTaxon												
NCBITaxon:36841	biolink:OrganismTaxon												
NCBITaxon:1522	biolink:OrganismTaxon												
NCBITaxon:1502	biolink:OrganismTaxon												
NCBITaxon:29347	biolink:OrganismTaxon												
NCBITaxon:1505	biolink:OrganismTaxon												
NCBITaxon:29348	biolink:OrganismTaxon												
NCBITaxon:1550	biolink:OrganismTaxon												
NCBITaxon:1559	biolink:OrganismTaxon												
NCBITaxon:1264	biolink:OrganismTaxon												
NCBITaxon:1265	biolink:OrganismTaxon												
NCBITaxon:46228	biolink:OrganismTaxon												
MONDO:0002009	biolink:Disease												
NCBITaxon:171549	biolink:OrganismTaxon												
NCBITaxon:459786	biolink:OrganismTaxon												
NCBITaxon:572511	biolink:OrganismTaxon												
NCBITaxon:158846	biolink:OrganismTaxon												
NCBITaxon:33024	biolink:OrganismTaxon												
NCBITaxon:577310	biolink:OrganismTaxon												
MONDO:0004985	biolink:Disease												
NCBITaxon:815	biolink:OrganismTaxon												
NCBITaxon:1224	biolink:OrganismTaxon												
NCBITaxon:1760	biolink:OrganismTaxon												
NCBITaxon:2172	biolink:OrganismTaxon												
NCBITaxon:574697	biolink:OrganismTaxon												
MONDO:0005404	biolink:Disease												
NCBITaxon:1351	biolink:OrganismTaxon												
NCBITaxon:1305	biolink:OrganismTaxon												
NCBITaxon:253238	biolink:OrganismTaxon												
NCBITaxon:437755	biolink:OrganismTaxon												
NCBITaxon:420345	biolink:OrganismTaxon												
NCBITaxon:84036	biolink:OrganismTaxon												
NCBITaxon:553372	biolink:OrganismTaxon												
NCBITaxon:543	biolink:OrganismTaxon												
NCBITaxon:31953	biolink:OrganismTaxon												
MONDO:0005180	biolink:Disease												
NCBITaxon:2173	biolink:OrganismTaxon												
NCBITaxon:171552	biolink:OrganismTaxon												
NCBITaxon:189330	biolink:OrganismTaxon												
NCBITaxon:119852	biolink:OrganismTaxon												
NCBITaxon:48736	biolink:OrganismTaxon												
NCBITaxon:1532	biolink:OrganismTaxon												
NCBITaxon:817	biolink:OrganismTaxon												
NCBITaxon:123375	biolink:OrganismTaxon												
NCBITaxon:33958	biolink:OrganismTaxon												
NCBITaxon:84107	biolink:OrganismTaxon												
NCBITaxon:32207	biolink:OrganismTaxon												
NCBITaxon:32067	biolink:OrganismTaxon												
NCBITaxon:724	biolink:OrganismTaxon												
NCBITaxon:482	biolink:OrganismTaxon												
NCBITaxon:1378	biolink:OrganismTaxon												
NCBITaxon:1716	biolink:OrganismTaxon												
NCBITaxon:117563	biolink:OrganismTaxon												
NCBITaxon:712	biolink:OrganismTaxon												
NCBITaxon:1268	biolink:OrganismTaxon												
NCBITaxon:186828	biolink:OrganismTaxon												
MONDO:0004975	biolink:Disease												
NCBITaxon:171551	biolink:OrganismTaxon												
NCBITaxon:90964	biolink:OrganismTaxon												
NCBITaxon:81852	biolink:OrganismTaxon												
NCBITaxon:1300	biolink:OrganismTaxon												
NCBITaxon:203492	biolink:OrganismTaxon												
MONDO:0006039	biolink:Disease												
NCBITaxon:109326	biolink:OrganismTaxon												
NCBITaxon:2740	biolink:OrganismTaxon												
NCBITaxon:135858	biolink:OrganismTaxon												
NCBITaxon:1357	biolink:OrganismTaxon												
NCBITaxon:2152	biolink:OrganismTaxon												
NCBITaxon:1613	biolink:OrganismTaxon												
NCBITaxon:623	biolink:OrganismTaxon												
NCBITaxon:1637	biolink:OrganismTaxon												
NCBITaxon:1352	biolink:OrganismTaxon												
NCBITaxon:856	biolink:OrganismTaxon												
NCBITaxon:846	biolink:OrganismTaxon												
NCBITaxon:160674	biolink:OrganismTaxon												
NCBITaxon:56112	biolink:OrganismTaxon												
NCBITaxon:76008	biolink:OrganismTaxon												
NCBITaxon:44261	biolink:OrganismTaxon												
NCBITaxon:115543	biolink:OrganismTaxon												
NCBITaxon:28116	biolink:OrganismTaxon												
NCBITaxon:310297	biolink:OrganismTaxon												
NCBITaxon:28134	biolink:OrganismTaxon												
NCBITaxon:839	biolink:OrganismTaxon												
NCBITaxon:76122	biolink:OrganismTaxon												
NCBITaxon:195950	biolink:OrganismTaxon												
NCBITaxon:55079	biolink:OrganismTaxon												
NCBITaxon:100175	biolink:OrganismTaxon												
NCBITaxon:248744	biolink:OrganismTaxon												
NCBITaxon:29361	biolink:OrganismTaxon												
NCBITaxon:33043	biolink:OrganismTaxon												
NCBITaxon:33882	biolink:OrganismTaxon												
NCBITaxon:150247	biolink:OrganismTaxon												
NCBITaxon:194	biolink:OrganismTaxon												
NCBITaxon:338188	biolink:OrganismTaxon												
NCBITaxon:40520	biolink:OrganismTaxon												
NCBITaxon:39486	biolink:OrganismTaxon												
NCBITaxon:140626	biolink:OrganismTaxon												
NCBITaxon:46206	biolink:OrganismTaxon												
NCBITaxon:39950	biolink:OrganismTaxon												
NCBITaxon:158847	biolink:OrganismTaxon												
NCBITaxon:65402	biolink:OrganismTaxon												
NCBITaxon:67824	biolink:OrganismTaxon												
NCBITaxon:851	biolink:OrganismTaxon												
NCBITaxon:59732	biolink:OrganismTaxon												
NCBITaxon:237	biolink:OrganismTaxon												
NCBITaxon:84567	biolink:OrganismTaxon												
NCBITaxon:75	biolink:OrganismTaxon												
NCBITaxon:41275	biolink:OrganismTaxon												
NCBITaxon:13687	biolink:OrganismTaxon												
NCBITaxon:12916	biolink:OrganismTaxon												
NCBITaxon:29580	biolink:OrganismTaxon												
NCBITaxon:82976	biolink:OrganismTaxon												
NCBITaxon:34037	biolink:OrganismTaxon												
NCBITaxon:469	biolink:OrganismTaxon												
NCBITaxon:497	biolink:OrganismTaxon												
NCBITaxon:286	biolink:OrganismTaxon												
NCBITaxon:40323	biolink:OrganismTaxon												
NCBITaxon:1380	biolink:OrganismTaxon												
NCBITaxon:92793	biolink:OrganismTaxon												
NCBITaxon:501783	biolink:OrganismTaxon												
NCBITaxon:528	biolink:OrganismTaxon												
NCBITaxon:577309	biolink:OrganismTaxon												
NCBITaxon:50709	biolink:OrganismTaxon												
NCBITaxon:86331	biolink:OrganismTaxon												
NCBITaxon:570	biolink:OrganismTaxon												
NCBITaxon:207244	biolink:OrganismTaxon												
NCBITaxon:836	biolink:OrganismTaxon												
NCBITaxon:165779	biolink:OrganismTaxon												
NCBITaxon:84108	biolink:OrganismTaxon												
MONDO:0005311	biolink:Disease												
NCBITaxon:156454	biolink:OrganismTaxon												
NCBITaxon:1596	biolink:OrganismTaxon												
NCBITaxon:1624	biolink:OrganismTaxon												
NCBITaxon:936456	biolink:OrganismTaxon												
NCBITaxon:1520	biolink:OrganismTaxon												
NCBITaxon:1491	biolink:OrganismTaxon												
NCBITaxon:638849	biolink:OrganismTaxon												
NCBITaxon:1515	biolink:OrganismTaxon												
MONDO:0008226	biolink:Disease												
NCBITaxon:39498	biolink:OrganismTaxon												
NCBITaxon:1161902	biolink:OrganismTaxon												
NCBITaxon:1598	biolink:OrganismTaxon												
NCBITaxon:1590	biolink:OrganismTaxon												
NCBITaxon:1656	biolink:OrganismTaxon												
NCBITaxon:199	biolink:OrganismTaxon												
NCBITaxon:29466	biolink:OrganismTaxon												
NCBITaxon:143361	biolink:OrganismTaxon												
MONDO:0005147	biolink:Disease												
NCBITaxon:976	biolink:OrganismTaxon												
MONDO:0007576	biolink:Disease												
MONDO:0005227	biolink:Disease												
NCBITaxon:1682	biolink:OrganismTaxon												
NCBITaxon:135083	biolink:OrganismTaxon												
NCBITaxon:1303	biolink:OrganismTaxon												
NCBITaxon:1302	biolink:OrganismTaxon												
NCBITaxon:76860	biolink:OrganismTaxon												
NCBITaxon:28131	biolink:OrganismTaxon												
NCBITaxon:28133	biolink:OrganismTaxon												
NCBITaxon:1018	biolink:OrganismTaxon												
NCBITaxon:837	biolink:OrganismTaxon												
NCBITaxon:1019	biolink:OrganismTaxon												
NCBITaxon:28112	biolink:OrganismTaxon												
NCBITaxon:1017	biolink:OrganismTaxon												
NCBITaxon:488	biolink:OrganismTaxon												
NCBITaxon:714	biolink:OrganismTaxon												
NCBITaxon:203	biolink:OrganismTaxon												
NCBITaxon:539	biolink:OrganismTaxon												
NCBITaxon:860	biolink:OrganismTaxon												
NCBITaxon:53419	biolink:OrganismTaxon												
NCBITaxon:158	biolink:OrganismTaxon												
MONDO:0005313	biolink:Disease												
NCBITaxon:1236	biolink:OrganismTaxon												
NCBITaxon:1282	biolink:OrganismTaxon												
MONDO:0005276	biolink:Disease												
MONDO:0005202	biolink:Disease												
MONDO:0021055	biolink:Disease												
NCBITaxon:32008	biolink:OrganismTaxon												
MONDO:0005271	biolink:Disease												
NCBITaxon:1681	biolink:OrganismTaxon												
MONDO:0005130	biolink:Disease												
MONDO:0005306	biolink:Disease												
NCBITaxon:171550	biolink:OrganismTaxon												
MONDO:0004980	biolink:Disease												
MONDO:0005109	biolink:Disease												
NCBITaxon:29521	biolink:OrganismTaxon												
NCBITaxon:397864	biolink:OrganismTaxon												
MONDO:0005100	biolink:Disease												
NCBITaxon:2735	biolink:OrganismTaxon												
NCBITaxon:551	biolink:OrganismTaxon												
NCBITaxon:158851	biolink:OrganismTaxon												
NCBITaxon:28138	biolink:OrganismTaxon												
MONDO:0013433	biolink:Disease												
NCBITaxon:1318	biolink:OrganismTaxon												
NCBITaxon:1114161	biolink:OrganismTaxon												
NCBITaxon:147802	biolink:OrganismTaxon												
NCBITaxon:47770	biolink:OrganismTaxon												
MONDO:0001072	biolink:Disease												
NCBITaxon:102148	biolink:OrganismTaxon												
NCBITaxon:118747	biolink:OrganismTaxon												
NCBITaxon:116085	biolink:OrganismTaxon												
NCBITaxon:1735	biolink:OrganismTaxon												
NCBITaxon:100886	biolink:OrganismTaxon												
NCBITaxon:363265	biolink:OrganismTaxon												
NCBITaxon:308994	biolink:OrganismTaxon												
NCBITaxon:187979	biolink:OrganismTaxon												
NCBITaxon:209880	biolink:OrganismTaxon												
NCBITaxon:907	biolink:OrganismTaxon												
NCBITaxon:905	biolink:OrganismTaxon												
NCBITaxon:72274	biolink:OrganismTaxon												
MONDO:0020590	biolink:Disease												
NCBITaxon:39778	biolink:OrganismTaxon												
NCBITaxon:43675	biolink:OrganismTaxon												
NCBITaxon:990719	biolink:OrganismTaxon												
NCBITaxon:118882	biolink:OrganismTaxon												
NCBITaxon:32033	biolink:OrganismTaxon												
NCBITaxon:168934	biolink:OrganismTaxon												
MONDO:0011429	biolink:Disease												
NCBITaxon:1239	biolink:OrganismTaxon												
NCBITaxon:590	biolink:OrganismTaxon												
MONDO:0007191	biolink:Disease												
NCBITaxon:84111	biolink:OrganismTaxon												
MONDO:0010030	biolink:Disease												
NCBITaxon:59735	biolink:OrganismTaxon												
NCBITaxon:830	biolink:OrganismTaxon												
NCBITaxon:46205	biolink:OrganismTaxon												
NCBITaxon:713	biolink:OrganismTaxon												
MONDO:0016264	biolink:Disease												
MONDO:0005344	biolink:Disease												
NCBITaxon:41976	biolink:OrganismTaxon												
MONDO:0004845	biolink:Disease												
NCBITaxon:715	biolink:OrganismTaxon												
NCBITaxon:29391	biolink:OrganismTaxon												
NCBITaxon:137732	biolink:OrganismTaxon												
NCBITaxon:123834	biolink:OrganismTaxon												
NCBITaxon:739	biolink:OrganismTaxon												
NCBITaxon:1304	biolink:OrganismTaxon												
NCBITaxon:103892	biolink:OrganismTaxon												
NCBITaxon:2039	biolink:OrganismTaxon												
MONDO:0011713	biolink:Disease												
NCBITaxon:495	biolink:OrganismTaxon												
NCBITaxon:46124	biolink:OrganismTaxon												
MONDO:0018076	biolink:Disease												
NCBITaxon:265975	biolink:OrganismTaxon												
NCBITaxon:470565	biolink:OrganismTaxon												
NCBITaxon:484	biolink:OrganismTaxon												
NCBITaxon:45634	biolink:OrganismTaxon												
NCBITaxon:732	biolink:OrganismTaxon												
MONDO:0001039	biolink:Disease												
NCBITaxon:425941	biolink:OrganismTaxon												
NCBITaxon:461393	biolink:OrganismTaxon												
NCBITaxon:1379	biolink:OrganismTaxon												
NCBITaxon:113107	biolink:OrganismTaxon												
NCBITaxon:1343	biolink:OrganismTaxon												
NCBITaxon:84135	biolink:OrganismTaxon												
NCBITaxon:859	biolink:OrganismTaxon												
NCBITaxon:34072	biolink:OrganismTaxon												
NCBITaxon:556499	biolink:OrganismTaxon												
NCBITaxon:310514	biolink:OrganismTaxon												
NCBITaxon:138595	biolink:OrganismTaxon												
NCBITaxon:80866	biolink:OrganismTaxon												
NCBITaxon:398041	biolink:OrganismTaxon												
NCBITaxon:129337	biolink:OrganismTaxon												
NCBITaxon:106589	biolink:OrganismTaxon												
MONDO:0011292	biolink:Disease												
MONDO:0005316	biolink:Disease												
NCBITaxon:2701	biolink:OrganismTaxon												
NCBITaxon:906	biolink:OrganismTaxon												
NCBITaxon:187101	biolink:OrganismTaxon												
NCBITaxon:2702	biolink:OrganismTaxon												
NCBITaxon:82135	biolink:OrganismTaxon												
NCBITaxon:87541	biolink:OrganismTaxon												
NCBITaxon:309120	biolink:OrganismTaxon												
NCBITaxon:386414	biolink:OrganismTaxon												
NCBITaxon:168808	biolink:OrganismTaxon												
NCBITaxon:2049	biolink:OrganismTaxon												
NCBITaxon:209879	biolink:OrganismTaxon												
NCBITaxon:31957	biolink:OrganismTaxon												
NCBITaxon:162289	biolink:OrganismTaxon												
NCBITaxon:2051	biolink:OrganismTaxon												
NCBITaxon:2052	biolink:OrganismTaxon												
NCBITaxon:28125	biolink:OrganismTaxon												
NCBITaxon:28130	biolink:OrganismTaxon												
NCBITaxon:40543	biolink:OrganismTaxon												
NCBITaxon:1651	biolink:OrganismTaxon												
NCBITaxon:1375	biolink:OrganismTaxon												
MONDO:0002974	biolink:Disease												
NCBITaxon:33036	biolink:OrganismTaxon												
NCBITaxon:1736	biolink:OrganismTaxon												
NCBITaxon:371601	biolink:OrganismTaxon												
NCBITaxon:39777	biolink:OrganismTaxon												
NCBITaxon:165696	biolink:OrganismTaxon												
MONDO:0004979	biolink:Disease												
NCBITaxon:735	biolink:OrganismTaxon												
NCBITaxon:1747	biolink:OrganismTaxon												
NCBITaxon:1270	biolink:OrganismTaxon												
NCBITaxon:217201	biolink:OrganismTaxon												
NCBITaxon:467210	biolink:OrganismTaxon												
NCBITaxon:82203	biolink:OrganismTaxon												
NCBITaxon:1599	biolink:OrganismTaxon												
NCBITaxon:1033	biolink:OrganismTaxon												
NCBITaxon:281915	biolink:OrganismTaxon												
NCBITaxon:401469	biolink:OrganismTaxon												
NCBITaxon:47251	biolink:OrganismTaxon												
NCBITaxon:84162	biolink:OrganismTaxon												
NCBITaxon:133925	biolink:OrganismTaxon												
NCBITaxon:1839	biolink:OrganismTaxon												
NCBITaxon:1663	biolink:OrganismTaxon												
NCBITaxon:88138	biolink:OrganismTaxon												
NCBITaxon:53460	biolink:OrganismTaxon												
NCBITaxon:82202	biolink:OrganismTaxon												
NCBITaxon:653683	biolink:OrganismTaxon												
NCBITaxon:186650	biolink:OrganismTaxon												
NCBITaxon:32257	biolink:OrganismTaxon												
NCBITaxon:893	biolink:OrganismTaxon												
NCBITaxon:156973	biolink:OrganismTaxon												
NCBITaxon:1485	biolink:OrganismTaxon												
MONDO:0008383	biolink:Disease												
MONDO:0002635	biolink:Disease												
MONDO:0004785	biolink:Disease												
NCBITaxon:212791	biolink:OrganismTaxon												
MONDO:0006031	biolink:Disease												
NCBITaxon:186826	biolink:OrganismTaxon												
MONDO:0001331	biolink:Disease												
NCBITaxon:13075	biolink:OrganismTaxon												
MONDO:0043923	biolink:Disease												
MONDO:0005252	biolink:Disease												
NCBITaxon:88431	biolink:OrganismTaxon												
NCBITaxon:60133	biolink:OrganismTaxon												
NCBITaxon:72	biolink:OrganismTaxon												
NCBITaxon:419015	biolink:OrganismTaxon												
MONDO:0018353	biolink:Disease												
NCBITaxon:589437	biolink:OrganismTaxon												
NCBITaxon:228603	biolink:OrganismTaxon												
NCBITaxon:221027	biolink:OrganismTaxon												
NCBITaxon:228604	biolink:OrganismTaxon												
MONDO:0018301	biolink:Disease												
NCBITaxon:1579	biolink:OrganismTaxon												
MONDO:0005010	biolink:Disease												
HP:0001622	biolink:Disease												
MONDO:0008487	biolink:Disease												
NCBITaxon:32066	biolink:OrganismTaxon												
NCBITaxon:203691	biolink:OrganismTaxon												
NCBITaxon:508458	biolink:OrganismTaxon												
MONDO:0001249	biolink:Disease												
NCBITaxon:57493	biolink:OrganismTaxon												
NCBITaxon:253183	biolink:OrganismTaxon												
NCBITaxon:265	biolink:OrganismTaxon												
NCBITaxon:44259	biolink:OrganismTaxon												
MONDO:0000527	biolink:Disease												
NCBITaxon:200795	biolink:OrganismTaxon												
NCBITaxon:544448	biolink:OrganismTaxon												
NCBITaxon:83654	biolink:OrganismTaxon												
NCBITaxon:18	biolink:OrganismTaxon												
NCBITaxon:843	biolink:OrganismTaxon												
NCBITaxon:16	biolink:OrganismTaxon												
NCBITaxon:203133	biolink:OrganismTaxon												
NCBITaxon:413496	biolink:OrganismTaxon												
NCBITaxon:958	biolink:OrganismTaxon												
NCBITaxon:359407	biolink:OrganismTaxon												
NCBITaxon:76833	biolink:OrganismTaxon												
NCBITaxon:2130	biolink:OrganismTaxon												
MONDO:0005406	biolink:Disease												
MONDO:0001744	biolink:Disease												
MONDO:0013662	biolink:Disease												
MONDO:0001656	biolink:Disease												
NCBITaxon:57479	biolink:OrganismTaxon												
NCBITaxon:237576	biolink:OrganismTaxon												
MONDO:0005249	biolink:Disease												
NCBITaxon:196082	biolink:OrganismTaxon												
MONDO:0043519	biolink:Disease												
NCBITaxon:379065	biolink:OrganismTaxon												
NCBITaxon:57494	biolink:OrganismTaxon												
NCBITaxon:1055323	biolink:OrganismTaxon												
NCBITaxon:2745	biolink:OrganismTaxon												
NCBITaxon:506	biolink:OrganismTaxon												
NCBITaxon:186807	biolink:OrganismTaxon												
NCBITaxon:1243	biolink:OrganismTaxon												
MONDO:0002771	biolink:Disease												
MONDO:0005627	biolink:Disease												
MONDO:0005044	biolink:Disease												
NCBITaxon:177971	biolink:OrganismTaxon												
NCBITaxon:150022	biolink:OrganismTaxon												
NCBITaxon:35832	biolink:OrganismTaxon												
NCBITaxon:1696	biolink:OrganismTaxon												
NCBITaxon:140625	biolink:OrganismTaxon												
NCBITaxon:38313	biolink:OrganismTaxon												
MONDO:0034186	biolink:Disease												
NCBITaxon:157687	biolink:OrganismTaxon												
NCBITaxon:341694	biolink:OrganismTaxon												
MONDO:0044937	biolink:Disease												
HP:0001051	biolink:Disease												
NCBITaxon:1269	biolink:OrganismTaxon												
NCBITaxon:772	biolink:OrganismTaxon												
NCBITaxon:396388	biolink:OrganismTaxon												
HP:0002014	biolink:Disease												
NCBITaxon:2034	biolink:OrganismTaxon												
NCBITaxon:38284	biolink:OrganismTaxon												
NCBITaxon:201096	biolink:OrganismTaxon												
NCBITaxon:52227	biolink:OrganismTaxon												
NCBITaxon:1824	biolink:OrganismTaxon												
NCBITaxon:727	biolink:OrganismTaxon												
NCBITaxon:37637	biolink:OrganismTaxon												
NCBITaxon:1311	biolink:OrganismTaxon												
NCBITaxon:480	biolink:OrganismTaxon												
NCBITaxon:28230	biolink:OrganismTaxon												
NCBITaxon:53346	biolink:OrganismTaxon												
NCBITaxon:1255	biolink:OrganismTaxon												
NCBITaxon:38304	biolink:OrganismTaxon												
NCBITaxon:1623	biolink:OrganismTaxon												
NCBITaxon:2316	biolink:OrganismTaxon												
NCBITaxon:113286	biolink:OrganismTaxon												
NCBITaxon:31979	biolink:OrganismTaxon												
NCBITaxon:1737406	biolink:OrganismTaxon												
NCBITaxon:1129771	biolink:OrganismTaxon												
NCBITaxon:2717	biolink:OrganismTaxon												
NCBITaxon:135621	biolink:OrganismTaxon												
NCBITaxon:1117	biolink:OrganismTaxon												
NCBITaxon:47678	biolink:OrganismTaxon												
NCBITaxon:1853231	biolink:OrganismTaxon												
NCBITaxon:264995	biolink:OrganismTaxon												
NCBITaxon:28111	biolink:OrganismTaxon												
NCBITaxon:626932	biolink:OrganismTaxon												
MONDO:0000594	biolink:Disease												
NCBITaxon:52784	biolink:OrganismTaxon												
NCBITaxon:261299	biolink:OrganismTaxon												
NCBITaxon:301302	biolink:OrganismTaxon												
NCBITaxon:301301	biolink:OrganismTaxon												
NCBITaxon:37734	biolink:OrganismTaxon												
NCBITaxon:154288	biolink:OrganismTaxon												
NCBITaxon:204516	biolink:OrganismTaxon												
NCBITaxon:487174	biolink:OrganismTaxon												
NCBITaxon:328813	biolink:OrganismTaxon												
NCBITaxon:328814	biolink:OrganismTaxon												
NCBITaxon:44258	biolink:OrganismTaxon												
NCBITaxon:1526	biolink:OrganismTaxon												
NCBITaxon:290054	biolink:OrganismTaxon												
NCBITaxon:39492	biolink:OrganismTaxon												
NCBITaxon:28118	biolink:OrganismTaxon												
NCBITaxon:487175	biolink:OrganismTaxon												
NCBITaxon:158836	biolink:OrganismTaxon												
MONDO:0003004	biolink:Disease												
NCBITaxon:78258	biolink:OrganismTaxon												
NCBITaxon:1283313	biolink:OrganismTaxon												
NCBITaxon:1213720	biolink:OrganismTaxon												
NCBITaxon:617123	biolink:OrganismTaxon												
MONDO:0005095	biolink:Disease												
NCBITaxon:29330	biolink:OrganismTaxon												
MONDO:0007915	biolink:Disease												
NCBITaxon:407975	biolink:OrganismTaxon												
NCBITaxon:51160	biolink:OrganismTaxon												
NCBITaxon:172042	biolink:OrganismTaxon												
NCBITaxon:28135	biolink:OrganismTaxon												
NCBITaxon:651822	biolink:OrganismTaxon												
MONDO:0005264	biolink:Disease												
NCBITaxon:28221	biolink:OrganismTaxon												
NCBITaxon:22	biolink:OrganismTaxon												
NCBITaxon:57495	biolink:OrganismTaxon												
NCBITaxon:2037	biolink:OrganismTaxon												
NCBITaxon:283	biolink:OrganismTaxon												
NCBITaxon:42255	biolink:OrganismTaxon												
NCBITaxon:84030	biolink:OrganismTaxon												
NCBITaxon:1506577	biolink:OrganismTaxon												
NCBITaxon:1506553	biolink:OrganismTaxon												
NCBITaxon:1649459	biolink:OrganismTaxon												
NCBITaxon:1481960	biolink:OrganismTaxon												
NCBITaxon:1508657	biolink:OrganismTaxon												
NCBITaxon:1164882	biolink:OrganismTaxon												
MONDO:0006723	biolink:Disease												
NCBITaxon:1827	biolink:OrganismTaxon												
NCBITaxon:946234	biolink:OrganismTaxon												
MONDO:0043797	biolink:Disease												
MONDO:0000250	biolink:Disease												
MONDO:0006896	biolink:Disease												
NCBITaxon:29343	biolink:OrganismTaxon												
MONDO:0011962	biolink:Disease												
NCBITaxon:35823	biolink:OrganismTaxon												
NCBITaxon:183710	biolink:OrganismTaxon												
MONDO:0018987	biolink:Disease												
NCBITaxon:161879	biolink:OrganismTaxon												
MONDO:0021201	biolink:Disease												
NCBITaxon:810	biolink:OrganismTaxon												
MONDO:0011438	biolink:Disease												
MONDO:0008661	biolink:Disease												
NCBITaxon:33886	biolink:OrganismTaxon												
NCBITaxon:908935	biolink:OrganismTaxon												
NCBITaxon:2040	biolink:OrganismTaxon												
NCBITaxon:1847	biolink:OrganismTaxon												
NCBITaxon:72763	biolink:OrganismTaxon												
NCBITaxon:204447	biolink:OrganismTaxon												
NCBITaxon:120831	biolink:OrganismTaxon												
NCBITaxon:125216	biolink:OrganismTaxon												
NCBITaxon:10	biolink:OrganismTaxon												
NCBITaxon:489140	biolink:OrganismTaxon												
MONDO:0005649	biolink:Disease												
NCBITaxon:33011	biolink:OrganismTaxon												
MONDO:0007186	biolink:Disease												
HP:0002019	biolink:Disease												
HP:0032322	biolink:Disease												
NCBITaxon:80864	biolink:OrganismTaxon												
NCBITaxon:73029	biolink:OrganismTaxon												
NCBITaxon:44249	biolink:OrganismTaxon												
NCBITaxon:172733	biolink:OrganismTaxon												
NCBITaxon:581	biolink:OrganismTaxon												
NCBITaxon:83770	biolink:OrganismTaxon												
MONDO:0008159	biolink:Disease												
MONDO:0005515	biolink:Disease												
NCBITaxon:39483	biolink:OrganismTaxon												
NCBITaxon:334108	biolink:OrganismTaxon												
MONDO:0011849	biolink:Disease												
NCBITaxon:100883	biolink:OrganismTaxon												
MONDO:0005275	biolink:Disease												
NCBITaxon:43769	biolink:OrganismTaxon												
NCBITaxon:478	biolink:OrganismTaxon												
NCBITaxon:28124	biolink:OrganismTaxon												
NCBITaxon:544580	biolink:OrganismTaxon												
NCBITaxon:61592	biolink:OrganismTaxon												
MONDO:0004995	biolink:Disease												
MONDO:0000705	biolink:Disease												
MONDO:0005498	biolink:Disease												
MONDO:0008345	biolink:Disease												
NCBITaxon:41297	biolink:OrganismTaxon												
NCBITaxon:206379	biolink:OrganismTaxon												
NCBITaxon:75682	biolink:OrganismTaxon												
MONDO:0010726	biolink:Disease												
NCBITaxon:204475	biolink:OrganismTaxon												
MONDO:0002508	biolink:Disease												
MONDO:0022103	biolink:Disease												
NCBITaxon:28211	biolink:OrganismTaxon												
NCBITaxon:356	biolink:OrganismTaxon												
NCBITaxon:28100	biolink:OrganismTaxon												
NCBITaxon:74201	biolink:OrganismTaxon												
NCBITaxon:2047	biolink:OrganismTaxon												
NCBITaxon:55565	biolink:OrganismTaxon												
NCBITaxon:671229	biolink:OrganismTaxon												
NCBITaxon:175642	biolink:OrganismTaxon												
NCBITaxon:580024	biolink:OrganismTaxon												
NCBITaxon:644652	biolink:OrganismTaxon												
NCBITaxon:501571	biolink:OrganismTaxon												
MONDO:0008171	biolink:Disease												
NCBITaxon:184869	biolink:OrganismTaxon												
MONDO:0005361	biolink:Disease												
MONDO:0005300	biolink:Disease												
MONDO:0001444	biolink:Disease												
MONDO:0005076	biolink:Disease												
MONDO:0005351	biolink:Disease												
NCBITaxon:51123	biolink:OrganismTaxon												
NCBITaxon:35519	biolink:OrganismTaxon												
NCBITaxon:138851	biolink:OrganismTaxon												
MONDO:0012727	biolink:Disease												
NCBITaxon:1578	biolink:OrganismTaxon												
NCBITaxon:47671	biolink:OrganismTaxon												
MONDO:0001040	biolink:Disease												
NCBITaxon:292	biolink:OrganismTaxon												
NCBITaxon:52769	biolink:OrganismTaxon												
NCBITaxon:1660	biolink:OrganismTaxon												
NCBITaxon:43994	biolink:OrganismTaxon												
NCBITaxon:113287	biolink:OrganismTaxon												
NCBITaxon:69823	biolink:OrganismTaxon												
NCBITaxon:56142	biolink:OrganismTaxon												
NCBITaxon:76124	biolink:OrganismTaxon												
NCBITaxon:53418	biolink:OrganismTaxon												
NCBITaxon:35517	biolink:OrganismTaxon												
MONDO:0007027	biolink:Disease												
MONDO:0004982	biolink:Disease												
MONDO:0013209	biolink:Disease												
NCBITaxon:51514	biolink:OrganismTaxon												
MONDO:0008829	biolink:Disease												
NCBITaxon:468	biolink:OrganismTaxon												
NCBITaxon:629	biolink:OrganismTaxon												
NCBITaxon:81466	biolink:OrganismTaxon												
NCBITaxon:204434	biolink:OrganismTaxon												
NCBITaxon:2070	biolink:OrganismTaxon												
NCBITaxon:379	biolink:OrganismTaxon												
NCBITaxon:1849603	biolink:OrganismTaxon												
NCBITaxon:28901	biolink:OrganismTaxon												
NCBITaxon:1398	biolink:OrganismTaxon												
NCBITaxon:384638	biolink:OrganismTaxon												
NCBITaxon:77095	biolink:OrganismTaxon												
NCBITaxon:181675	biolink:OrganismTaxon												
NCBITaxon:315405	biolink:OrganismTaxon												
MONDO:0005884	biolink:Disease												
NCBITaxon:1580	biolink:OrganismTaxon												
NCBITaxon:359408	biolink:OrganismTaxon												
NCBITaxon:34004	biolink:OrganismTaxon												
NCBITaxon:59892	biolink:OrganismTaxon												
NCBITaxon:246432	biolink:OrganismTaxon												
NCBITaxon:529705	biolink:OrganismTaxon												
NCBITaxon:333297	biolink:OrganismTaxon												
NCBITaxon:227476	biolink:OrganismTaxon												
NCBITaxon:128785	biolink:OrganismTaxon												
NCBITaxon:121428	biolink:OrganismTaxon												
NCBITaxon:110936	biolink:OrganismTaxon												
NCBITaxon:29581	biolink:OrganismTaxon												
NCBITaxon:172044	biolink:OrganismTaxon												
NCBITaxon:86664	biolink:OrganismTaxon												
NCBITaxon:157228	biolink:OrganismTaxon												
MONDO:0006781	biolink:Disease												
MONDO:0005388	biolink:Disease												
NCBITaxon:57723	biolink:OrganismTaxon												
NCBITaxon:481	biolink:OrganismTaxon												
NCBITaxon:137	biolink:OrganismTaxon												
NCBITaxon:156456	biolink:OrganismTaxon												
NCBITaxon:61645	biolink:OrganismTaxon												
NCBITaxon:187326	biolink:OrganismTaxon												
NCBITaxon:454154	biolink:OrganismTaxon												
MONDO:0005154	biolink:Disease												
NCBITaxon:85413	biolink:OrganismTaxon												
NCBITaxon:1585	biolink:OrganismTaxon												
NCBITaxon:47715	biolink:OrganismTaxon												
MONDO:0001711	biolink:Disease												
NCBITaxon:1883	biolink:OrganismTaxon												
MONDO:0007079	biolink:Disease												
MONDO:0002269	biolink:Disease												
NCBITaxon:44748	biolink:OrganismTaxon												
NCBITaxon:41294	biolink:OrganismTaxon												
NCBITaxon:1655	biolink:OrganismTaxon												
NCBITaxon:230143	biolink:OrganismTaxon												
NCBITaxon:80865	biolink:OrganismTaxon												
NCBITaxon:13159	biolink:OrganismTaxon												
NCBITaxon:100134	biolink:OrganismTaxon												
NCBITaxon:411567	biolink:OrganismTaxon												
NCBITaxon:258515	biolink:OrganismTaxon												
NCBITaxon:28025	biolink:OrganismTaxon												
NCBITaxon:1470350	biolink:OrganismTaxon												
NCBITaxon:536633	biolink:OrganismTaxon												
NCBITaxon:357276	biolink:OrganismTaxon												
NCBITaxon:270498	biolink:OrganismTaxon												
NCBITaxon:1130798	biolink:OrganismTaxon												
NCBITaxon:100176	biolink:OrganismTaxon												
MONDO:0007699	biolink:Disease												
MONDO:0005155	biolink:Disease												
MONDO:0100371	biolink:Disease												
NCBITaxon:548	biolink:OrganismTaxon												
NCBITaxon:1382	biolink:OrganismTaxon												
NCBITaxon:508459	biolink:OrganismTaxon												
NCBITaxon:580596	biolink:OrganismTaxon												
NCBITaxon:1150298	biolink:OrganismTaxon												
NCBITaxon:1544	biolink:OrganismTaxon												
NCBITaxon:447020	biolink:OrganismTaxon												
MONDO:0002268	biolink:Disease												
NCBITaxon:1177574	biolink:OrganismTaxon												
NCBITaxon:570835	biolink:OrganismTaxon												
MONDO:0019088	biolink:Disease												
NCBITaxon:374	biolink:OrganismTaxon												
MONDO:0005090	biolink:Disease												
NCBITaxon:39488	biolink:OrganismTaxon												
NCBITaxon:28026	biolink:OrganismTaxon												
NCBITaxon:74426	biolink:OrganismTaxon												
NCBITaxon:89014	biolink:OrganismTaxon												
MONDO:0006665	biolink:Disease												
NCBITaxon:109790	biolink:OrganismTaxon												
NCBITaxon:2098	biolink:OrganismTaxon												
MONDO:0002345	biolink:Disease												
NCBITaxon:134821	biolink:OrganismTaxon												
MONDO:0008575	biolink:Disease												
GO:0007565	biolink:Disease												
NCBITaxon:33037	biolink:OrganismTaxon												
NCBITaxon:1260	biolink:OrganismTaxon												
NCBITaxon:2129	biolink:OrganismTaxon												
NCBITaxon:1633	biolink:OrganismTaxon												
MONDO:0005047	biolink:Disease												
NCBITaxon:45972	biolink:OrganismTaxon												
NCBITaxon:1584	biolink:OrganismTaxon												
NCBITaxon:1354	biolink:OrganismTaxon												
MONDO:0005993	biolink:Disease												
NCBITaxon:2097	biolink:OrganismTaxon												
MONDO:0005161	biolink:Disease												
NCBITaxon:504481	biolink:OrganismTaxon												
NCBITaxon:497726	biolink:OrganismTaxon												
NCBITaxon:526524	biolink:OrganismTaxon												
NCBITaxon:52226	biolink:OrganismTaxon												
NCBITaxon:28126	biolink:OrganismTaxon												
NCBITaxon:626940	biolink:OrganismTaxon												
NCBITaxon:1773	biolink:OrganismTaxon												
NCBITaxon:624	biolink:OrganismTaxon												
NCBITaxon:222	biolink:OrganismTaxon												
NCBITaxon:884684	biolink:OrganismTaxon												
MONDO:0005297	biolink:Disease												
MONDO:0021722	biolink:Disease												
NCBITaxon:75787	biolink:OrganismTaxon												
NCBITaxon:55080	biolink:OrganismTaxon												
NCBITaxon:67819	biolink:OrganismTaxon												
NCBITaxon:380240	biolink:OrganismTaxon												
NCBITaxon:935200	biolink:OrganismTaxon												
NCBITaxon:33057	biolink:OrganismTaxon												
NCBITaxon:44675	biolink:OrganismTaxon												
NCBITaxon:231454	biolink:OrganismTaxon												
MONDO:0004425	biolink:Disease												
NCBITaxon:186820	biolink:OrganismTaxon												
NCBITaxon:186817	biolink:OrganismTaxon												
NCBITaxon:194924	biolink:OrganismTaxon												
NCBITaxon:206349	biolink:OrganismTaxon												
NCBITaxon:45401	biolink:OrganismTaxon												
MONDO:0005937	biolink:Disease												
NCBITaxon:52225	biolink:OrganismTaxon												
NCBITaxon:135625	biolink:OrganismTaxon												
NCBITaxon:1647988	biolink:OrganismTaxon												
NCBITaxon:35833	biolink:OrganismTaxon												
NCBITaxon:66862	biolink:OrganismTaxon												
MONDO:0021187	biolink:Disease												
NCBITaxon:1407607	biolink:OrganismTaxon												
MONDO:0019082	biolink:Disease												
MONDO:0005441	biolink:Disease												
MONDO:0000701	biolink:Disease												
MONDO:0004976	biolink:Disease												
NCBITaxon:46503	biolink:OrganismTaxon												
NCBITaxon:214856	biolink:OrganismTaxon												
NCBITaxon:1898203	biolink:OrganismTaxon												
NCBITaxon:40542	biolink:OrganismTaxon												
MONDO:0008310	biolink:Disease												
MONDO:0006785	biolink:Disease												
MONDO:0006920	biolink:Disease												
NCBITaxon:180162	biolink:OrganismTaxon												
NCBITaxon:2753	biolink:OrganismTaxon												
NCBITaxon:172900	biolink:OrganismTaxon												
NCBITaxon:1185408	biolink:OrganismTaxon												
NCBITaxon:94008	biolink:OrganismTaxon												
NCBITaxon:83618	biolink:OrganismTaxon												
NCBITaxon:538	biolink:OrganismTaxon												
NCBITaxon:4769	biolink:OrganismTaxon												
MONDO:0020776	biolink:Disease												
NCBITaxon:1392389	biolink:OrganismTaxon												
NCBITaxon:1763	biolink:OrganismTaxon												
MONDO:0019437	biolink:Disease												
NCBITaxon:29393	biolink:OrganismTaxon												
NCBITaxon:34104	biolink:OrganismTaxon												
NCBITaxon:47670	biolink:OrganismTaxon												
MONDO:0003232	biolink:Disease												
NCBITaxon:70584	biolink:OrganismTaxon												
NCBITaxon:2383	biolink:OrganismTaxon												
MONDO:0001505	biolink:Disease												
MONDO:0005258	biolink:Disease												
MONDO:0018170	biolink:Disease												
MONDO:0001674	biolink:Disease												
MONDO:0019100	biolink:Disease												
NCBITaxon:2147	biolink:OrganismTaxon												
NCBITaxon:33926	biolink:OrganismTaxon												
MONDO:0004983	biolink:Disease												
NCBITaxon:56999	biolink:OrganismTaxon												
NCBITaxon:161492	biolink:OrganismTaxon												
NCBITaxon:254245	biolink:OrganismTaxon												
NCBITaxon:267408	biolink:OrganismTaxon												
NCBITaxon:191	biolink:OrganismTaxon												
NCBITaxon:240411	biolink:OrganismTaxon												
NCBITaxon:256319	biolink:OrganismTaxon												
NCBITaxon:323413	biolink:OrganismTaxon												
NCBITaxon:96	biolink:OrganismTaxon												
NCBITaxon:28231	biolink:OrganismTaxon												
NCBITaxon:135575	biolink:OrganismTaxon												
NCBITaxon:166953	biolink:OrganismTaxon												
NCBITaxon:182639	biolink:OrganismTaxon												
NCBITaxon:28263	biolink:OrganismTaxon												
NCBITaxon:418240	biolink:OrganismTaxon												
NCBITaxon:1796615	biolink:OrganismTaxon												
NCBITaxon:626933	biolink:OrganismTaxon												
NCBITaxon:1470347	biolink:OrganismTaxon												
NCBITaxon:4841	biolink:OrganismTaxon												
MONDO:0020920	biolink:Disease												
NCBITaxon:186802	biolink:OrganismTaxon												
NCBITaxon:53457	biolink:OrganismTaxon												
NCBITaxon:862	biolink:OrganismTaxon												
NCBITaxon:37914	biolink:OrganismTaxon												
NCBITaxon:165695	biolink:OrganismTaxon												
MONDO:0004950	biolink:Disease												
NCBITaxon:46255	biolink:OrganismTaxon												
NCBITaxon:1253	biolink:OrganismTaxon												
NCBITaxon:213484	biolink:OrganismTaxon												
NCBITaxon:35829	biolink:OrganismTaxon												
MONDO:0011382	biolink:Disease												
MONDO:0003781	biolink:Disease												
MONDO:0017376	biolink:Disease												
MONDO:0018678	biolink:Disease												
MONDO:0004784	biolink:Disease												
NCBITaxon:203491	biolink:OrganismTaxon												
NCBITaxon:563835	biolink:OrganismTaxon												
NCBITaxon:1653	biolink:OrganismTaxon												
NCBITaxon:85020	biolink:OrganismTaxon												
NCBITaxon:28056	biolink:OrganismTaxon												
MONDO:0010947	biolink:Disease												
NCBITaxon:651554	biolink:OrganismTaxon												
NCBITaxon:186818	biolink:OrganismTaxon												
NCBITaxon:155493	biolink:OrganismTaxon												
NCBITaxon:1013	biolink:OrganismTaxon												
NCBITaxon:53416	biolink:OrganismTaxon												
NCBITaxon:33981	biolink:OrganismTaxon												
NCBITaxon:419014	biolink:OrganismTaxon												
NCBITaxon:67572	biolink:OrganismTaxon												
NCBITaxon:145260	biolink:OrganismTaxon												
NCBITaxon:397456	biolink:OrganismTaxon												
NCBITaxon:137838	biolink:OrganismTaxon												
NCBITaxon:332102	biolink:OrganismTaxon												
NCBITaxon:1664383	biolink:OrganismTaxon												
NCBITaxon:114527	biolink:OrganismTaxon												
NCBITaxon:671218	biolink:OrganismTaxon												
NCBITaxon:43997	biolink:OrganismTaxon												
NCBITaxon:2718	biolink:OrganismTaxon												
NCBITaxon:1501332	biolink:OrganismTaxon												
NCBITaxon:327575	biolink:OrganismTaxon												
MONDO:0008315	biolink:Disease												
NCBITaxon:33032	biolink:OrganismTaxon												
NCBITaxon:184870	biolink:OrganismTaxon												
NCBITaxon:33012	biolink:OrganismTaxon												
NCBITaxon:31983	biolink:OrganismTaxon												
NCBITaxon:43668	biolink:OrganismTaxon												
NCBITaxon:346096	biolink:OrganismTaxon												
NCBITaxon:4890	biolink:OrganismTaxon												
NCBITaxon:4919	biolink:OrganismTaxon												
NCBITaxon:5074	biolink:OrganismTaxon												
NCBITaxon:5598	biolink:OrganismTaxon												
NCBITaxon:5476	biolink:OrganismTaxon												
NCBITaxon:5482	biolink:OrganismTaxon												
NCBITaxon:374468	biolink:OrganismTaxon												
NCBITaxon:76775	biolink:OrganismTaxon												
NCBITaxon:358743	biolink:OrganismTaxon												
MONDO:0007803	biolink:Disease												
NCBITaxon:28123	biolink:OrganismTaxon												
NCBITaxon:235572	biolink:OrganismTaxon												
NCBITaxon:586	biolink:OrganismTaxon												
MONDO:0009411	biolink:Disease												
NCBITaxon:28137	biolink:OrganismTaxon												
NCBITaxon:979627	biolink:OrganismTaxon												
NCBITaxon:114528	biolink:OrganismTaxon												
NCBITaxon:1501226	biolink:OrganismTaxon												
NCBITaxon:68892	biolink:OrganismTaxon												
NCBITaxon:29389	biolink:OrganismTaxon												
NCBITaxon:1336	biolink:OrganismTaxon												
NCBITaxon:446660	biolink:OrganismTaxon												
NCBITaxon:36835	biolink:OrganismTaxon												
NCBITaxon:2038	biolink:OrganismTaxon												
NCBITaxon:109262	biolink:OrganismTaxon												
NCBITaxon:316625	biolink:OrganismTaxon												
NCBITaxon:53572	biolink:OrganismTaxon												
NCBITaxon:56688	biolink:OrganismTaxon												
NCBITaxon:1163	biolink:OrganismTaxon												
NCBITaxon:35798	biolink:OrganismTaxon												
NCBITaxon:4932	biolink:OrganismTaxon												
NCBITaxon:76773	biolink:OrganismTaxon												
NCBITaxon:76777	biolink:OrganismTaxon												
NCBITaxon:117187	biolink:OrganismTaxon												
NCBITaxon:29001	biolink:OrganismTaxon												
NCBITaxon:5207	biolink:OrganismTaxon												
NCBITaxon:27288	biolink:OrganismTaxon												
NCBITaxon:5057	biolink:OrganismTaxon												
NCBITaxon:76892	biolink:OrganismTaxon												
NCBITaxon:131079	biolink:OrganismTaxon												
NCBITaxon:5478	biolink:OrganismTaxon												
NCBITaxon:165808	biolink:OrganismTaxon												
NCBITaxon:165440	biolink:OrganismTaxon												
NCBITaxon:5021	biolink:OrganismTaxon												
NCBITaxon:92860	biolink:OrganismTaxon												
NCBITaxon:5552	biolink:OrganismTaxon												
NCBITaxon:86085	biolink:OrganismTaxon												
NCBITaxon:443882	biolink:OrganismTaxon												
NCBITaxon:34450	biolink:OrganismTaxon												
NCBITaxon:139379	biolink:OrganismTaxon												
NCBITaxon:38447	biolink:OrganismTaxon												
NCBITaxon:31989	biolink:OrganismTaxon												
NCBITaxon:162474	biolink:OrganismTaxon												
NCBITaxon:42302	biolink:OrganismTaxon												
NCBITaxon:56488	biolink:OrganismTaxon												
NCBITaxon:47743	biolink:OrganismTaxon												
NCBITaxon:37466	biolink:OrganismTaxon												
NCBITaxon:110846	biolink:OrganismTaxon												
NCBITaxon:221678	biolink:OrganismTaxon												
NCBITaxon:649777	biolink:OrganismTaxon												
NCBITaxon:292493	biolink:OrganismTaxon												
NCBITaxon:654128	biolink:OrganismTaxon												
NCBITaxon:36751	biolink:OrganismTaxon												
NCBITaxon:5401	biolink:OrganismTaxon												
NCBITaxon:665596	biolink:OrganismTaxon												
NCBITaxon:45147	biolink:OrganismTaxon												
NCBITaxon:40289	biolink:OrganismTaxon												
NCBITaxon:55194	biolink:OrganismTaxon												
MONDO:0007743	biolink:Disease												
NCBITaxon:76123	biolink:OrganismTaxon												
MONDO:0007256	biolink:Disease												
MONDO:0044925	biolink:Disease												
NCBITaxon:103621	biolink:OrganismTaxon												
NCBITaxon:242750	biolink:OrganismTaxon												
NCBITaxon:487	biolink:OrganismTaxon												
NCBITaxon:28449	biolink:OrganismTaxon												
NCBITaxon:225324	biolink:OrganismTaxon												
NCBITaxon:833	biolink:OrganismTaxon												
NCBITaxon:152794	biolink:OrganismTaxon												
NCBITaxon:43768	biolink:OrganismTaxon												
NCBITaxon:2020	biolink:OrganismTaxon												
NCBITaxon:1314	biolink:OrganismTaxon												
NCBITaxon:69710	biolink:OrganismTaxon												
NCBITaxon:1434006	biolink:OrganismTaxon												
NCBITaxon:43995	biolink:OrganismTaxon												
NCBITaxon:190721	biolink:OrganismTaxon												
NCBITaxon:28447	biolink:OrganismTaxon												
NCBITaxon:77917	biolink:OrganismTaxon												
NCBITaxon:223958	biolink:OrganismTaxon												
NCBITaxon:34062	biolink:OrganismTaxon												
MONDO:0024352	biolink:Disease												
NCBITaxon:29394	biolink:OrganismTaxon												
MONDO:0018309	biolink:Disease												
MONDO:0004844	biolink:Disease												
NCBITaxon:1107316	biolink:OrganismTaxon												
NCBITaxon:291644	biolink:OrganismTaxon												
NCBITaxon:454155	biolink:OrganismTaxon												
NCBITaxon:1891238	biolink:OrganismTaxon												
MONDO:0024290	biolink:Disease												
NCBITaxon:59505	biolink:OrganismTaxon												
NCBITaxon:33007	biolink:OrganismTaxon												
NCBITaxon:1376	biolink:OrganismTaxon												
NCBITaxon:156979	biolink:OrganismTaxon												
NCBITaxon:53374	biolink:OrganismTaxon												
NCBITaxon:156976	biolink:OrganismTaxon												
NCBITaxon:90245	biolink:OrganismTaxon												
NCBITaxon:295418	biolink:OrganismTaxon												
NCBITaxon:136099	biolink:OrganismTaxon												
NCBITaxon:85	biolink:OrganismTaxon												
NCBITaxon:354349	biolink:OrganismTaxon												
NCBITaxon:174708	biolink:OrganismTaxon												
NCBITaxon:674963	biolink:OrganismTaxon												
NCBITaxon:194702	biolink:OrganismTaxon												
NCBITaxon:840	biolink:OrganismTaxon												
NCBITaxon:58231	biolink:OrganismTaxon												
NCBITaxon:45989	biolink:OrganismTaxon												
NCBITaxon:1291539	biolink:OrganismTaxon												
NCBITaxon:850	biolink:OrganismTaxon												
NCBITaxon:522	biolink:OrganismTaxon												
MONDO:0000922	biolink:Disease												
MONDO:0020767	biolink:Disease												
NCBITaxon:134537	biolink:OrganismTaxon												
MONDO:0004773	biolink:Disease												
NCBITaxon:55968	biolink:OrganismTaxon												
NCBITaxon:665874	biolink:OrganismTaxon												
MONDO:0012105	biolink:Disease												
MONDO:0006624	biolink:Disease												
NCBITaxon:215530	biolink:OrganismTaxon												
NCBITaxon:343873	biolink:OrganismTaxon												
NCBITaxon:1358	biolink:OrganismTaxon												
MONDO:0007453	biolink:Disease												
NCBITaxon:83763	biolink:OrganismTaxon												
MONDO:0001056	biolink:Disease												
MONDO:0004251	biolink:Disease												
MONDO:0005097	biolink:Disease												
NCBITaxon:485	biolink:OrganismTaxon												
NCBITaxon:282125	biolink:OrganismTaxon												
NCBITaxon:293545	biolink:OrganismTaxon												
NCBITaxon:322095	biolink:OrganismTaxon												
NCBITaxon:5098	biolink:OrganismTaxon												
NCBITaxon:147545	biolink:OrganismTaxon												
NCBITaxon:5152	biolink:OrganismTaxon												
NCBITaxon:86832	biolink:OrganismTaxon												
NCBITaxon:41959	biolink:OrganismTaxon												
NCBITaxon:201291	biolink:OrganismTaxon												
NCBITaxon:45286	biolink:OrganismTaxon												
NCBITaxon:5541	biolink:OrganismTaxon												
NCBITaxon:121611	biolink:OrganismTaxon												
NCBITaxon:1708541	biolink:OrganismTaxon												
NCBITaxon:1220192	biolink:OrganismTaxon												
NCBITaxon:745057	biolink:OrganismTaxon												
NCBITaxon:5268	biolink:OrganismTaxon												
NCBITaxon:303698	biolink:OrganismTaxon												
MONDO:0009688	biolink:Disease												
NCBITaxon:49546	biolink:OrganismTaxon												
NCBITaxon:357	biolink:OrganismTaxon												
NCBITaxon:65551	biolink:OrganismTaxon												
NCBITaxon:29407	biolink:OrganismTaxon												
MONDO:0005178	biolink:Disease												
NCBITaxon:5537	biolink:OrganismTaxon												
NCBITaxon:69965	biolink:OrganismTaxon												
NCBITaxon:863253	biolink:OrganismTaxon												
NCBITaxon:85043	biolink:OrganismTaxon												
NCBITaxon:36739	biolink:OrganismTaxon												
NCBITaxon:162290	biolink:OrganismTaxon												
NCBITaxon:57739	biolink:OrganismTaxon												
NCBITaxon:332157	biolink:OrganismTaxon												
NCBITaxon:93681	biolink:OrganismTaxon												
NCBITaxon:81	biolink:OrganismTaxon												
MONDO:0008903	biolink:Disease												
NCBITaxon:238749	biolink:OrganismTaxon												
NCBITaxon:40840	biolink:OrganismTaxon												
NCBITaxon:5052	biolink:OrganismTaxon												
NCBITaxon:5209	biolink:OrganismTaxon												
NCBITaxon:55193	biolink:OrganismTaxon												
MONDO:0017712	biolink:Disease												
NCBITaxon:64001	biolink:OrganismTaxon												
MONDO:0002049	biolink:Disease												
MONDO:0007254	biolink:Disease												
NCBITaxon:85015	biolink:OrganismTaxon												
NCBITaxon:236052	biolink:OrganismTaxon												
NCBITaxon:119045	biolink:OrganismTaxon												
MONDO:0004822	biolink:Disease												
NCBITaxon:29547	biolink:OrganismTaxon												
MONDO:0005364	biolink:Disease												
NCBITaxon:196081	biolink:OrganismTaxon												
MONDO:0010200	biolink:Disease												
MONDO:0006605	biolink:Disease												
NCBITaxon:1769710	biolink:OrganismTaxon												
NCBITaxon:2747	biolink:OrganismTaxon												
NCBITaxon:490	biolink:OrganismTaxon												
NCBITaxon:285729	biolink:OrganismTaxon												
NCBITaxon:28129	biolink:OrganismTaxon												
MONDO:0000702	biolink:Disease												
NCBITaxon:1847725	biolink:OrganismTaxon												
MONDO:0002465	biolink:Disease												
NCBITaxon:660514	biolink:OrganismTaxon												
MONDO:0006254	biolink:Disease												
NCBITaxon:95729	biolink:OrganismTaxon												
NCBITaxon:37240	biolink:OrganismTaxon												
MONDO:0003085	biolink:Disease												
NCBITaxon:84993	biolink:OrganismTaxon												
NCBITaxon:89583	biolink:OrganismTaxon												
NCBITaxon:47420	biolink:OrganismTaxon												
NCBITaxon:165697	biolink:OrganismTaxon												
HP:0100806	biolink:Disease												
NCBITaxon:1060	biolink:OrganismTaxon												
MONDO:0006858	biolink:Disease												
NCBITaxon:114627	biolink:OrganismTaxon												
NCBITaxon:4855	biolink:OrganismTaxon												
NCBITaxon:4842	biolink:OrganismTaxon												
NCBITaxon:4910	biolink:OrganismTaxon												
NCBITaxon:1868208	biolink:OrganismTaxon												
NCBITaxon:38504	biolink:OrganismTaxon												
NCBITaxon:435139	biolink:OrganismTaxon												
NCBITaxon:357279	biolink:OrganismTaxon												
NCBITaxon:662858	biolink:OrganismTaxon												
NCBITaxon:204	biolink:OrganismTaxon												
NCBITaxon:286119	biolink:OrganismTaxon												
NCBITaxon:135082	biolink:OrganismTaxon												
NCBITaxon:486	biolink:OrganismTaxon												
NCBITaxon:202952	biolink:OrganismTaxon												
NCBITaxon:52773	biolink:OrganismTaxon												
NCBITaxon:1077464	biolink:OrganismTaxon												
NCBITaxon:879276	biolink:OrganismTaxon												
NCBITaxon:363192	biolink:OrganismTaxon												
NCBITaxon:470	biolink:OrganismTaxon												
NCBITaxon:243922	biolink:OrganismTaxon												
NCBITaxon:471	biolink:OrganismTaxon												
MONDO:0004298	biolink:Disease												
MONDO:0003783	biolink:Disease												
MONDO:0010385	biolink:Disease												
NCBITaxon:1363	biolink:OrganismTaxon												
MONDO:0018305	biolink:Disease												
HP:0005146	biolink:Disease												
NCBITaxon:186827	biolink:OrganismTaxon												
MONDO:0005488	biolink:Disease												
NCBITaxon:189326	biolink:OrganismTaxon												
NCBITaxon:75309	biolink:OrganismTaxon												
NCBITaxon:242605	biolink:OrganismTaxon												
NCBITaxon:1160721	biolink:OrganismTaxon												
MONDO:0015597	biolink:Disease												
MONDO:0005027	biolink:Disease												
NCBITaxon:231052	biolink:OrganismTaxon												
MONDO:0002691	biolink:Disease												
NCBITaxon:53345	biolink:OrganismTaxon												
NCBITaxon:299767	biolink:OrganismTaxon												
NCBITaxon:410072	biolink:OrganismTaxon												
NCBITaxon:674529	biolink:OrganismTaxon												
MONDO:0002775	biolink:Disease												
NCBITaxon:49082	biolink:OrganismTaxon												
NCBITaxon:35718	biolink:OrganismTaxon												
NCBITaxon:34371	biolink:OrganismTaxon												
NCBITaxon:34379	biolink:OrganismTaxon												
NCBITaxon:29827	biolink:OrganismTaxon												
NCBITaxon:60496	biolink:OrganismTaxon												
NCBITaxon:221102	biolink:OrganismTaxon												
NCBITaxon:37467	biolink:OrganismTaxon												
NCBITaxon:5533	biolink:OrganismTaxon												
MONDO:0016064	biolink:Disease												
MONDO:0018756	biolink:Disease												
NCBITaxon:1852369	biolink:OrganismTaxon												
NCBITaxon:338	biolink:OrganismTaxon												
NCBITaxon:458839	biolink:OrganismTaxon												
NCBITaxon:111142	biolink:OrganismTaxon												
NCBITaxon:255204	biolink:OrganismTaxon												
NCBITaxon:143393	biolink:OrganismTaxon												
MONDO:0007147	biolink:Disease												
NCBITaxon:400634	biolink:OrganismTaxon												
NCBITaxon:182709	biolink:OrganismTaxon												
MONDO:0005960	biolink:Disease												
NCBITaxon:46913	biolink:OrganismTaxon												
NCBITaxon:340117	biolink:OrganismTaxon												
NCBITaxon:1434010	biolink:OrganismTaxon												
NCBITaxon:662	biolink:OrganismTaxon												
NCBITaxon:626929	biolink:OrganismTaxon												
NCBITaxon:228654	biolink:OrganismTaxon												
NCBITaxon:384636	biolink:OrganismTaxon												
NCBITaxon:1573535	biolink:OrganismTaxon												
NCBITaxon:1573536	biolink:OrganismTaxon												
NCBITaxon:1505657	biolink:OrganismTaxon												
NCBITaxon:1582879	biolink:OrganismTaxon												
NCBITaxon:1470353	biolink:OrganismTaxon												
NCBITaxon:39497	biolink:OrganismTaxon												
MONDO:0024647	biolink:Disease												
MONDO:0005133	biolink:Disease												
MONDO:0006001	biolink:Disease												
NCBITaxon:1161127	biolink:OrganismTaxon												
NCBITaxon:909928	biolink:OrganismTaxon												
NCBITaxon:1643951	biolink:OrganismTaxon												
NCBITaxon:953	biolink:OrganismTaxon												
MONDO:0006736	biolink:Disease												
NCBITaxon:1263978	biolink:OrganismTaxon												
MONDO:0005460	biolink:Disease												
NCBITaxon:68	biolink:OrganismTaxon												
NCBITaxon:13690	biolink:OrganismTaxon												
MONDO:0013727	biolink:Disease												
MONDO:0015075	biolink:Disease												
MONDO:0005812	biolink:Disease												
MONDO:0001751	biolink:Disease												
HP:0004395	biolink:Disease												
NCBITaxon:335928	biolink:OrganismTaxon												
NCBITaxon:71999	biolink:OrganismTaxon												
NCBITaxon:2053	biolink:OrganismTaxon												
NCBITaxon:5073	biolink:OrganismTaxon												
NCBITaxon:134362	biolink:OrganismTaxon												
NCBITaxon:4959	biolink:OrganismTaxon												
NCBITaxon:45579	biolink:OrganismTaxon												
NCBITaxon:76776	biolink:OrganismTaxon												
NCBITaxon:89919	biolink:OrganismTaxon												
NCBITaxon:36645	biolink:OrganismTaxon												
MONDO:0005114	biolink:Disease												
NCBITaxon:150203	biolink:OrganismTaxon												
NCBITaxon:5583	biolink:OrganismTaxon												
MONDO:0006644	biolink:Disease												
NCBITaxon:644564	biolink:OrganismTaxon												
NCBITaxon:181966	biolink:OrganismTaxon												
NCBITaxon:169388	biolink:OrganismTaxon												
NCBITaxon:5506	biolink:OrganismTaxon												
NCBITaxon:466954	biolink:OrganismTaxon												
NCBITaxon:64518	biolink:OrganismTaxon												
NCBITaxon:227733	biolink:OrganismTaxon												
NCBITaxon:1171599	biolink:OrganismTaxon												
NCBITaxon:718247	biolink:OrganismTaxon												
NCBITaxon:64495	biolink:OrganismTaxon												
NCBITaxon:749889	biolink:OrganismTaxon												
NCBITaxon:41958	biolink:OrganismTaxon												
NCBITaxon:62636	biolink:OrganismTaxon												
NCBITaxon:27314	biolink:OrganismTaxon												
NCBITaxon:29832	biolink:OrganismTaxon												
NCBITaxon:39965	biolink:OrganismTaxon												
NCBITaxon:148959	biolink:OrganismTaxon												
NCBITaxon:1851509	biolink:OrganismTaxon												
NCBITaxon:5277	biolink:OrganismTaxon												
NCBITaxon:1298	biolink:OrganismTaxon												
NCBITaxon:89404	biolink:OrganismTaxon												
NCBITaxon:154116	biolink:OrganismTaxon												
NCBITaxon:1707	biolink:OrganismTaxon												
NCBITaxon:198705	biolink:OrganismTaxon												
NCBITaxon:1569	biolink:OrganismTaxon												
NCBITaxon:84406	biolink:OrganismTaxon												
NCBITaxon:225447	biolink:OrganismTaxon												
NCBITaxon:96492	biolink:OrganismTaxon												
NCBITaxon:60919	biolink:OrganismTaxon												
NCBITaxon:898	biolink:OrganismTaxon												
NCBITaxon:210	biolink:OrganismTaxon												
NCBITaxon:82373	biolink:OrganismTaxon												
NCBITaxon:404402	biolink:OrganismTaxon												
MONDO:0005340	biolink:Disease												
NCBITaxon:508451	biolink:OrganismTaxon												
NCBITaxon:641876	biolink:OrganismTaxon												
NCBITaxon:204037	biolink:OrganismTaxon												
NCBITaxon:320583	biolink:OrganismTaxon												
NCBITaxon:194195	biolink:OrganismTaxon												
NCBITaxon:909932	biolink:OrganismTaxon												
NCBITaxon:1521	biolink:OrganismTaxon												
NCBITaxon:197	biolink:OrganismTaxon												
NCBITaxon:981222	biolink:OrganismTaxon												
NCBITaxon:395922	biolink:OrganismTaxon												
NCBITaxon:154	biolink:OrganismTaxon												
MONDO:0004631	biolink:Disease												
NCBITaxon:474995	biolink:OrganismTaxon												
NCBITaxon:55180	biolink:OrganismTaxon												
NCBITaxon:311222	biolink:OrganismTaxon												
NCBITaxon:81041	biolink:OrganismTaxon												
NCBITaxon:5369	biolink:OrganismTaxon												
NCBITaxon:66831	biolink:OrganismTaxon												
NCBITaxon:635	biolink:OrganismTaxon												
NCBITaxon:626	biolink:OrganismTaxon												
NCBITaxon:202907	biolink:OrganismTaxon												
MONDO:0001103	biolink:Disease												
NCBITaxon:31998	biolink:OrganismTaxon												
NCBITaxon:1445	biolink:OrganismTaxon												
NCBITaxon:219301	biolink:OrganismTaxon												
NCBITaxon:329	biolink:OrganismTaxon												
NCBITaxon:231049	biolink:OrganismTaxon												
NCBITaxon:1766	biolink:OrganismTaxon												
NCBITaxon:33917	biolink:OrganismTaxon												
NCBITaxon:40216	biolink:OrganismTaxon												
MONDO:0002412	biolink:Disease												
NCBITaxon:236752	biolink:OrganismTaxon												
NCBITaxon:1647	biolink:OrganismTaxon												
NCBITaxon:45404	biolink:OrganismTaxon												
NCBITaxon:191393	biolink:OrganismTaxon												
NCBITaxon:187144	biolink:OrganismTaxon												
NCBITaxon:213119	biolink:OrganismTaxon												
NCBITaxon:169133	biolink:OrganismTaxon												
NCBITaxon:852	biolink:OrganismTaxon												
NCBITaxon:1980693	biolink:OrganismTaxon												
MONDO:0016218	biolink:Disease												
NCBITaxon:31971	biolink:OrganismTaxon												
NCBITaxon:588605	biolink:OrganismTaxon												
NCBITaxon:1004300	biolink:OrganismTaxon												
NCBITaxon:221216	biolink:OrganismTaxon												
NCBITaxon:123	biolink:OrganismTaxon												
NCBITaxon:203557	biolink:OrganismTaxon												
NCBITaxon:67575	biolink:OrganismTaxon												
NCBITaxon:85030	biolink:OrganismTaxon												
NCBITaxon:404	biolink:OrganismTaxon												
NCBITaxon:1042325	biolink:OrganismTaxon												
NCBITaxon:92713	biolink:OrganismTaxon												
NCBITaxon:237444	biolink:OrganismTaxon												
NCBITaxon:74015	biolink:OrganismTaxon												
NCBITaxon:568	biolink:OrganismTaxon												
NCBITaxon:33959	biolink:OrganismTaxon												
NCBITaxon:305	biolink:OrganismTaxon												
MONDO:0004955	biolink:Disease												
NCBITaxon:186806	biolink:OrganismTaxon												
NCBITaxon:1124673	biolink:OrganismTaxon												
MONDO:0005366	biolink:Disease												
NCBITaxon:265570	biolink:OrganismTaxon												
NCBITaxon:40215	biolink:OrganismTaxon												
MONDO:0001187	biolink:Disease												
NCBITaxon:66228	biolink:OrganismTaxon												
MONDO:0012548	biolink:Disease												
MONDO:0000257	biolink:Disease												
NCBITaxon:246787	biolink:OrganismTaxon												
NCBITaxon:337004	biolink:OrganismTaxon												
NCBITaxon:219181	biolink:OrganismTaxon												
NCBITaxon:292628	biolink:OrganismTaxon												
MONDO:0006608	biolink:Disease												
NCBITaxon:33010	biolink:OrganismTaxon												
NCBITaxon:29388	biolink:OrganismTaxon												
NCBITaxon:34026	biolink:OrganismTaxon												
NCBITaxon:164	biolink:OrganismTaxon												
HP:0006483	biolink:Disease												
NCBITaxon:1383	biolink:OrganismTaxon												
NCBITaxon:55085	biolink:OrganismTaxon												
NCBITaxon:1597	biolink:OrganismTaxon												
NCBITaxon:86333	biolink:OrganismTaxon												
NCBITaxon:502	biolink:OrganismTaxon												
NCBITaxon:505	biolink:OrganismTaxon												
NCBITaxon:432100	biolink:OrganismTaxon												
NCBITaxon:101483	biolink:OrganismTaxon												
NCBITaxon:5599	biolink:OrganismTaxon												
NCBITaxon:51925	biolink:OrganismTaxon												
NCBITaxon:1895944	biolink:OrganismTaxon												
NCBITaxon:63822	biolink:OrganismTaxon												
NCBITaxon:36907	biolink:OrganismTaxon												
NCBITaxon:29918	biolink:OrganismTaxon												
NCBITaxon:1432051	biolink:OrganismTaxon												
NCBITaxon:4753	biolink:OrganismTaxon												
NCBITaxon:5615	biolink:OrganismTaxon												
NCBITaxon:5206	biolink:OrganismTaxon												
NCBITaxon:237557	biolink:OrganismTaxon												
MONDO:0001942	biolink:Disease												
NCBITaxon:1766253	biolink:OrganismTaxon												
NCBITaxon:2005473	biolink:OrganismTaxon												
NCBITaxon:32199	biolink:OrganismTaxon												
NCBITaxon:29559	biolink:OrganismTaxon												
MONDO:0020547	biolink:Disease												
NCBITaxon:610116	biolink:OrganismTaxon												
NCBITaxon:227873	biolink:OrganismTaxon												
NCBITaxon:1742989	biolink:OrganismTaxon												
MONDO:0003472	biolink:Disease												
NCBITaxon:746128	biolink:OrganismTaxon												
NCBITaxon:33194	biolink:OrganismTaxon												
NCBITaxon:5149	biolink:OrganismTaxon												
NCBITaxon:4958	biolink:OrganismTaxon												
NCBITaxon:147207	biolink:OrganismTaxon												
MONDO:0006604	biolink:Disease												
NCBITaxon:995019	biolink:OrganismTaxon												
NCBITaxon:40324	biolink:OrganismTaxon												
MONDO:0018088	biolink:Disease												
MONDO:0019439	biolink:Disease												
NCBITaxon:483	biolink:OrganismTaxon												
NCBITaxon:929509	biolink:OrganismTaxon												
NCBITaxon:28196	biolink:OrganismTaxon												
NCBITaxon:428712	biolink:OrganismTaxon												
NCBITaxon:202789	biolink:OrganismTaxon												
NCBITaxon:163202	biolink:OrganismTaxon												
NCBITaxon:248038	biolink:OrganismTaxon												
NCBITaxon:305719	biolink:OrganismTaxon												
NCBITaxon:88	biolink:OrganismTaxon												
NCBITaxon:293	biolink:OrganismTaxon												
NCBITaxon:60454	biolink:OrganismTaxon												
NCBITaxon:59803	biolink:OrganismTaxon												
NCBITaxon:294	biolink:OrganismTaxon												
NCBITaxon:157692	biolink:OrganismTaxon												
MONDO:0006226	biolink:Disease												
NCBITaxon:54066	biolink:OrganismTaxon												
NCBITaxon:352450	biolink:OrganismTaxon												
NCBITaxon:963	biolink:OrganismTaxon												
NCBITaxon:33986	biolink:OrganismTaxon												
MONDO:0005546	biolink:Disease												
NCBITaxon:53443	biolink:OrganismTaxon												
NCBITaxon:1432052	biolink:OrganismTaxon												
NCBITaxon:1720294	biolink:OrganismTaxon												
NCBITaxon:1737424	biolink:OrganismTaxon												
NCBITaxon:1550024	biolink:OrganismTaxon												
MONDO:0008285	biolink:Disease												
NCBITaxon:1322	biolink:OrganismTaxon												
MONDO:0000703	biolink:Disease												
NCBITaxon:879969	biolink:OrganismTaxon												
NCBITaxon:162	biolink:OrganismTaxon												
NCBITaxon:726	biolink:OrganismTaxon												
NCBITaxon:292635	biolink:OrganismTaxon												
NCBITaxon:292480	biolink:OrganismTaxon												
NCBITaxon:428711	biolink:OrganismTaxon												
NCBITaxon:118966	biolink:OrganismTaxon												
NCBITaxon:491921	biolink:OrganismTaxon												
MONDO:0015517	biolink:Disease												
NCBITaxon:909656	biolink:OrganismTaxon												
NCBITaxon:71	biolink:OrganismTaxon												
NCBITaxon:76831	biolink:OrganismTaxon												
NCBITaxon:254250	biolink:OrganismTaxon												
MONDO:0005906	biolink:Disease												
NCBITaxon:1769713	biolink:OrganismTaxon												
NCBITaxon:272548	biolink:OrganismTaxon												
NCBITaxon:1659	biolink:OrganismTaxon												
NCBITaxon:1750	biolink:OrganismTaxon												
NCBITaxon:316	biolink:OrganismTaxon												
MONDO:0021081	biolink:Disease												
MONDO:0004981	biolink:Disease												
MONDO:0008219	biolink:Disease												
NCBITaxon:52768	biolink:OrganismTaxon												
NCBITaxon:671224	biolink:OrganismTaxon												
NCBITaxon:55506	biolink:OrganismTaxon												
MONDO:0019466	biolink:Disease												
NCBITaxon:104397	biolink:OrganismTaxon												
NCBITaxon:27316	biolink:OrganismTaxon												
NCBITaxon:42374	biolink:OrganismTaxon												
MONDO:0043579	biolink:Disease												
MONDO:0003210	biolink:Disease												
MONDO:0005298	biolink:Disease												
HP:0004326	biolink:Disease												
NCBITaxon:4930	biolink:OrganismTaxon												
NCBITaxon:745368	biolink:OrganismTaxon												
NCBITaxon:1493	biolink:OrganismTaxon												
NCBITaxon:1099853	biolink:OrganismTaxon												
MONDO:0000270	biolink:Disease												
NCBITaxon:33634	biolink:OrganismTaxon												
NCBITaxon:1129	biolink:OrganismTaxon												
NCBITaxon:5178	biolink:OrganismTaxon												
NCBITaxon:305976	biolink:OrganismTaxon												
NCBITaxon:82800	biolink:OrganismTaxon												
NCBITaxon:2733	biolink:OrganismTaxon												
NCBITaxon:285105	biolink:OrganismTaxon												
NCBITaxon:449972	biolink:OrganismTaxon												
NCBITaxon:160795	biolink:OrganismTaxon												
NCBITaxon:46466	biolink:OrganismTaxon												
NCBITaxon:499228	biolink:OrganismTaxon												
MONDO:0002568	biolink:Disease												
NCBITaxon:419005	biolink:OrganismTaxon												
NCBITaxon:28127	biolink:OrganismTaxon												
NCBITaxon:1775474	biolink:OrganismTaxon												
MONDO:0008608	biolink:Disease												
NCBITaxon:177972	biolink:OrganismTaxon												
NCBITaxon:2124	biolink:OrganismTaxon												
MONDO:0015279	biolink:Disease												
MONDO:0007818	biolink:Disease												
MONDO:0002679	biolink:Disease												
NCBITaxon:413501	biolink:OrganismTaxon												
NCBITaxon:5210	biolink:OrganismTaxon												
NCBITaxon:177201	biolink:OrganismTaxon												
NCBITaxon:55170	biolink:OrganismTaxon												
NCBITaxon:1404	biolink:OrganismTaxon												
NCBITaxon:9	biolink:OrganismTaxon												
NCBITaxon:511434	biolink:OrganismTaxon												
NCBITaxon:511435	biolink:OrganismTaxon												
NCBITaxon:402384	biolink:OrganismTaxon												
NCBITaxon:1790137	biolink:OrganismTaxon												
NCBITaxon:234	biolink:OrganismTaxon												
NCBITaxon:28188	biolink:OrganismTaxon												
NCBITaxon:157920	biolink:OrganismTaxon												
NCBITaxon:358023	biolink:OrganismTaxon												
NCBITaxon:78259	biolink:OrganismTaxon												
NCBITaxon:4950	biolink:OrganismTaxon												
NCBITaxon:114702	biolink:OrganismTaxon												
NCBITaxon:1583331	biolink:OrganismTaxon												
NCBITaxon:1582	biolink:OrganismTaxon												
NCBITaxon:390842	biolink:OrganismTaxon												
NCBITaxon:285	biolink:OrganismTaxon												
NCBITaxon:301	biolink:OrganismTaxon												
NCBITaxon:119060	biolink:OrganismTaxon												
NCBITaxon:1292	biolink:OrganismTaxon												
NCBITaxon:84163	biolink:OrganismTaxon												
NCBITaxon:56774	biolink:OrganismTaxon												
NCBITaxon:12967	biolink:OrganismTaxon												
NCBITaxon:28983	biolink:OrganismTaxon												
NCBITaxon:270	biolink:OrganismTaxon												
NCBITaxon:1625	biolink:OrganismTaxon												
NCBITaxon:29505	biolink:OrganismTaxon												
NCBITaxon:281920	biolink:OrganismTaxon												
NCBITaxon:201571	biolink:OrganismTaxon												
NCBITaxon:28051	biolink:OrganismTaxon												
NCBITaxon:708069	biolink:OrganismTaxon												
MONDO:0008867	biolink:Disease												
MONDO:0005016	biolink:Disease												
HP:0003193	biolink:Disease												
NCBITaxon:114248	biolink:OrganismTaxon												
NCBITaxon:146827	biolink:OrganismTaxon												
MONDO:0002406	biolink:Disease												
NCBITaxon:76761	biolink:OrganismTaxon												
NCBITaxon:28090	biolink:OrganismTaxon												
NCBITaxon:40214	biolink:OrganismTaxon												
MONDO:0008757	biolink:Disease												
NCBITaxon:1643826	biolink:OrganismTaxon												
NCBITaxon:387661	biolink:OrganismTaxon												
NCBITaxon:45547	biolink:OrganismTaxon												
NCBITaxon:1198485	biolink:OrganismTaxon												
NCBITaxon:5324	biolink:OrganismTaxon												
NCBITaxon:29833	biolink:OrganismTaxon												
NCBITaxon:1232605	biolink:OrganismTaxon												
NCBITaxon:1052096	biolink:OrganismTaxon												
NCBITaxon:350811	biolink:OrganismTaxon												
NCBITaxon:89926	biolink:OrganismTaxon												
NCBITaxon:27334	biolink:OrganismTaxon												
MONDO:0005003	biolink:Disease												
NCBITaxon:648800	biolink:OrganismTaxon												
MONDO:0005146	biolink:Disease												
NCBITaxon:337670	biolink:OrganismTaxon												
NCBITaxon:667112	biolink:OrganismTaxon												
NCBITaxon:1155385	biolink:OrganismTaxon												
NCBITaxon:227388	biolink:OrganismTaxon												
MONDO:0006559	biolink:Disease												
NCBITaxon:1912216	biolink:OrganismTaxon												
NCBITaxon:43770	biolink:OrganismTaxon												
NCBITaxon:438033	biolink:OrganismTaxon												
NCBITaxon:1783273	biolink:OrganismTaxon												
NCBITaxon:5543	biolink:OrganismTaxon												
NCBITaxon:5593	biolink:OrganismTaxon												
NCBITaxon:103887	biolink:OrganismTaxon												
NCBITaxon:1028384	biolink:OrganismTaxon												
NCBITaxon:41687	biolink:OrganismTaxon												
NCBITaxon:1658452	biolink:OrganismTaxon												
NCBITaxon:1131492	biolink:OrganismTaxon												
NCBITaxon:1052105	biolink:OrganismTaxon												
NCBITaxon:5129	biolink:OrganismTaxon												
MONDO:0005384	biolink:Disease												
NCBITaxon:1833	biolink:OrganismTaxon												
NCBITaxon:69222	biolink:OrganismTaxon												
NCBITaxon:1290	biolink:OrganismTaxon												
MONDO:0018092	biolink:Disease												
NCBITaxon:1129544	biolink:OrganismTaxon												
NCBITaxon:112498	biolink:OrganismTaxon												
NCBITaxon:1291540	biolink:OrganismTaxon												
NCBITaxon:43988	biolink:OrganismTaxon												
MONDO:0001356	biolink:Disease												
MONDO:0006999	biolink:Disease												
NCBITaxon:36834	biolink:OrganismTaxon												
NCBITaxon:1310	biolink:OrganismTaxon												
MONDO:0005373	biolink:Disease												
NCBITaxon:197575	biolink:OrganismTaxon												
HP:0005268	biolink:Disease												
MONDO:0007739	biolink:Disease												
NCBITaxon:37991	biolink:OrganismTaxon												
NCBITaxon:112497	biolink:OrganismTaxon												
NCBITaxon:51288	biolink:OrganismTaxon												
MONDO:0000914	biolink:Disease												
MONDO:0005055	biolink:Disease												
NCBITaxon:291645	biolink:OrganismTaxon												
NCBITaxon:41254	biolink:OrganismTaxon												
NCBITaxon:5314	biolink:OrganismTaxon												
NCBITaxon:5218	biolink:OrganismTaxon												
NCBITaxon:103856	biolink:OrganismTaxon												
NCBITaxon:73873	biolink:OrganismTaxon												
NCBITaxon:242230	biolink:OrganismTaxon												
HP:0002140	biolink:Disease												
NCBITaxon:1940255	biolink:OrganismTaxon												
MONDO:0010518	biolink:Disease												
MONDO:0018542	biolink:Disease												
MONDO:0002187	biolink:Disease												
MONDO:0002909	biolink:Disease												
NCBITaxon:45662	biolink:OrganismTaxon												
NCBITaxon:1504576	biolink:OrganismTaxon												
NCBITaxon:1408818	biolink:OrganismTaxon												
NCBITaxon:129957	biolink:OrganismTaxon												
NCBITaxon:1076933	biolink:OrganismTaxon												
NCBITaxon:596499	biolink:OrganismTaxon												
NCBITaxon:869	biolink:OrganismTaxon												
NCBITaxon:596767	biolink:OrganismTaxon												
MONDO:0005079	biolink:Disease												
NCBITaxon:2104	biolink:OrganismTaxon												
MONDO:0004680	biolink:Disease												
NCBITaxon:303	biolink:OrganismTaxon												
NCBITaxon:515417	biolink:OrganismTaxon												
NCBITaxon:2026720	biolink:OrganismTaxon												
NCBITaxon:33029	biolink:OrganismTaxon												
NCBITaxon:502393	biolink:OrganismTaxon												
NCBITaxon:187328	biolink:OrganismTaxon												
NCBITaxon:29322	biolink:OrganismTaxon												
NCBITaxon:33034	biolink:OrganismTaxon												
NCBITaxon:150055	biolink:OrganismTaxon												
NCBITaxon:1587	biolink:OrganismTaxon												
NCBITaxon:83683	biolink:OrganismTaxon												
NCBITaxon:1600	biolink:OrganismTaxon												
NCBITaxon:361500	biolink:OrganismTaxon												
NCBITaxon:1278232	biolink:OrganismTaxon												
NCBITaxon:180282	biolink:OrganismTaxon												
MONDO:0002332	biolink:Disease												
NCBITaxon:351091	biolink:OrganismTaxon												
NCBITaxon:434464	biolink:OrganismTaxon												
NCBITaxon:33964	biolink:OrganismTaxon												
MONDO:0015924	biolink:Disease												
NCBITaxon:45851	biolink:OrganismTaxon												
MONDO:0016573	biolink:Disease												
HP:0002013	biolink:Disease												
NCBITaxon:1505652	biolink:OrganismTaxon												
NCBITaxon:1288	biolink:OrganismTaxon												
NCBITaxon:1632	biolink:OrganismTaxon												
NCBITaxon:461876	biolink:OrganismTaxon												
NCBITaxon:28141	biolink:OrganismTaxon												
NCBITaxon:84031	biolink:OrganismTaxon												
NCBITaxon:376804	biolink:OrganismTaxon												
NCBITaxon:309788	biolink:OrganismTaxon												
MONDO:0003763	biolink:Disease												
MONDO:0004967	biolink:Disease												
MONDO:0003060	biolink:Disease												
NCBITaxon:162491	biolink:OrganismTaxon												
NCBITaxon:1372	biolink:OrganismTaxon												
NCBITaxon:174951	biolink:OrganismTaxon												
NCBITaxon:1525371	biolink:OrganismTaxon												
MONDO:0002021	biolink:Disease												
NCBITaxon:545	biolink:OrganismTaxon												
NCBITaxon:227943	biolink:OrganismTaxon												
NCBITaxon:1573534	biolink:OrganismTaxon												
MONDO:0018229	biolink:Disease												
NCBITaxon:51366	biolink:OrganismTaxon												
NCBITaxon:141948	biolink:OrganismTaxon												
NCBITaxon:655352	biolink:OrganismTaxon												
NCBITaxon:104267	biolink:OrganismTaxon												
NCBITaxon:40222	biolink:OrganismTaxon												
MONDO:0001126	biolink:Disease												
NCBITaxon:1810	biolink:OrganismTaxon												
NCBITaxon:272239	biolink:OrganismTaxon												
NCBITaxon:57037	biolink:OrganismTaxon												
NCBITaxon:189722	biolink:OrganismTaxon												
NCBITaxon:671267	biolink:OrganismTaxon												
NCBITaxon:28128	biolink:OrganismTaxon												
NCBITaxon:335854	biolink:OrganismTaxon												
NCBITaxon:67608	biolink:OrganismTaxon												
NCBITaxon:5580	biolink:OrganismTaxon												
NCBITaxon:33174	biolink:OrganismTaxon												
NCBITaxon:75750	biolink:OrganismTaxon												
NCBITaxon:467971	biolink:OrganismTaxon												
NCBITaxon:214993	biolink:OrganismTaxon												
NCBITaxon:1255125	biolink:OrganismTaxon												
NCBITaxon:139132	biolink:OrganismTaxon												
NCBITaxon:1196441	biolink:OrganismTaxon												
MONDO:0018103	biolink:Disease												
MONDO:0007871	biolink:Disease												
NCBITaxon:29363	biolink:OrganismTaxon												
NCBITaxon:425254	biolink:OrganismTaxon												
MONDO:0044212	biolink:Disease												
HP:0002076	biolink:Disease												
MONDO:0015713	biolink:Disease												
NCBITaxon:1348911	biolink:OrganismTaxon												
NCBITaxon:487173	biolink:OrganismTaxon												
MONDO:0004375	biolink:Disease												
MONDO:0004699	biolink:Disease												
NCBITaxon:2375	biolink:OrganismTaxon												
NCBITaxon:1762	biolink:OrganismTaxon												
NCBITaxon:2159	biolink:OrganismTaxon												
NCBITaxon:20	biolink:OrganismTaxon												
NCBITaxon:1501329	biolink:OrganismTaxon												
NCBITaxon:423477	biolink:OrganismTaxon												
MONDO:0043510	biolink:Disease												
MONDO:0044926	biolink:Disease												
NCBITaxon:267212	biolink:OrganismTaxon												
MONDO:0005216	biolink:Disease												
MONDO:0004277	biolink:Disease												
NCBITaxon:1824856	biolink:OrganismTaxon												
NCBITaxon:1913599	biolink:OrganismTaxon												
MONDO:0006733	biolink:Disease												
NCBITaxon:33069	biolink:OrganismTaxon												
NCBITaxon:2737	biolink:OrganismTaxon												
NCBITaxon:106649	biolink:OrganismTaxon												
NCBITaxon:169435	biolink:OrganismTaxon												
NCBITaxon:214853	biolink:OrganismTaxon												
NCBITaxon:39397	biolink:OrganismTaxon												
NCBITaxon:105229	biolink:OrganismTaxon												
NCBITaxon:255528	biolink:OrganismTaxon												
NCBITaxon:615	biolink:OrganismTaxon												
HP:0012378	biolink:Disease												
MONDO:0100096	biolink:Disease												
NCBITaxon:498019	biolink:OrganismTaxon												
NCBITaxon:5059	biolink:OrganismTaxon												
NCBITaxon:5061	biolink:OrganismTaxon												
NCBITaxon:2163168	biolink:OrganismTaxon												
MONDO:0002039	biolink:Disease												
MONDO:0006516	biolink:Disease												
NCBITaxon:1096246	biolink:OrganismTaxon												
NCBITaxon:626930	biolink:OrganismTaxon												
NCBITaxon:1501392	biolink:OrganismTaxon												
NCBITaxon:1940338	biolink:OrganismTaxon												
